CT;Similarity
NCT00001378;0
NCT00001239;0
NCT00001302;0
NCT00001503;0
NCT00001383;0
NCT00001444;0
NCT00001498;3
NCT00001504;0
NCT00001837;0
NCT00001944;0
NCT00002465;0
NCT00002475;0
NCT00002520;0
NCT00002544;0
NCT00002564;0
NCT00002668;0
NCT00002762;0
NCT00002851;0
NCT00002866;0
NCT00002900;0
NCT00002901;1
NCT00002920;0
NCT00002942;0
NCT00003010;0
NCT00003032;0
NCT00003038;0
NCT00003068;0
NCT00003086;1
NCT00003098;0
NCT00003103;0
NCT00003125;0
NCT00003135;0
NCT00003761;0
NCT00003162;0
NCT00003184;0
NCT00003199;0
NCT00003205;0
NCT00003236;0
NCT00003253;0
NCT00003269;0
NCT00003302;0
NCT00003357;0
NCT00003404;0
NCT00003425;0
NCT00003428;0
NCT00003432;0
NCT00003440;0
NCT00003454;0
NCT00003540;12
NCT00003600;0
NCT00003638;0
NCT00003674;0
NCT00003690;0
NCT00003736;0
NCT00003752;0
NCT00003771;0
NCT00003787;0
NCT00003830;1
NCT00003854;0
NCT00004046;0
NCT00004065;0
NCT00004074;0
NCT00004157;0
NCT00004207;0
NCT00004237;4
NCT00004261;0
NCT00004565;0
NCT00004925;2
NCT00005058;0
NCT00005590;0
NCT00005600;0
NCT00005605;1
NCT00005798;1
NCT00005807;0
NCT00005817;0
NCT00005821;0
NCT00005822;0
NCT00005858;0
NCT00005873;0
NCT00005879;0
NCT00005956;0
NCT00005957;0
NCT00005975;0
NCT00005993;0
NCT00006031;0
NCT00006228;0
NCT00006256;0
NCT00006346;0
NCT00006368;0
NCT00006369;0
NCT00006370;0
NCT00006381;1
NCT00006421;0
NCT00006433;0
NCT00007891;0
NCT00008203;0
NCT00008320;0
NCT00008346;0
NCT00008437;0
NCT00010322;1
NCT00010829;0
NCT00012129;0
NCT00012311;1
NCT00014222;19
NCT00014430;0
NCT00014456;0
NCT00014612;0
NCT00016549;0
NCT00019019;0
NCT00019084;0
NCT00019435;0
NCT00019643;0
NCT00020098;0
NCT00020267;0
NCT00022074;0
NCT00022087;0
NCT00022386;0
NCT00023790;0
NCT00024063;0
NCT00025584;0
NCT00026286;0
NCT00026949;0
NCT00026962;2
NCT00027885;33
NCT00028405;0
NCT00028483;0
NCT00028639;0
NCT00028704;0
NCT00028964;1
NCT00028977;0
NCT00030498;0
NCT00030537;1
NCT00030615;0
NCT00031772;0
NCT00031811;0
NCT00033345;0
NCT00033384;0
NCT00033397;0
NCT00036621;0
NCT00036686;0
NCT00036790;1
NCT00037024;0
NCT00039052;0
NCT00039286;0
NCT00039455;1
NCT00040222;1
NCT00040430;0
NCT00041223;0
NCT00041652;0
NCT00043017;0
NCT00046865;0
NCT00046891;0
NCT00047970;0
NCT00003855;0
NCT00004888;2
NCT00004935;0
NCT00009945;0
NCT00019916;0
NCT00020722;0
NCT00026117;0
NCT00027807;0
NCT00028496;0
NCT00028535;0
NCT00031681;0
NCT00031720;0
NCT00036998;0
NCT00044525;0
NCT00050141;0
NCT00051103;0
NCT00051779;0
NCT00052351;0
NCT00054028;0
NCT00054132;0
NCT00054145;0
NCT00054418;0
NCT00054977;0
NCT00055926;0
NCT00055991;0
NCT00060138;0
NCT00060255;0
NCT00060320;0
NCT00060372;0
NCT00062400;0
NCT00063934;0
NCT00066339;0
NCT00066443;8
NCT00066690;0
NCT00066807;1
NCT00068003;0
NCT00068263;4
NCT00068328;0
NCT00068458;0
NCT00068588;0
NCT00068614;0
NCT00068757;6
NCT00070252;0
NCT00071942;0
NCT00072020;0
NCT00072293;0
NCT00072865;1
NCT00074100;0
NCT00075673;3
NCT00077090;0
NCT00077363;0
NCT00078845;0
NCT00079118;1
NCT00079157;0
NCT00079170;7
NCT00079248;0
NCT00080756;0
NCT00080860;0
NCT00081003;0
NCT00081965;0
NCT00082277;0
NCT00082641;0
NCT00082667;12
NCT00083148;1
NCT00083278;0
NCT00083304;0
NCT00084344;0
NCT00084539;0
NCT00084669;0
NCT00085020;3
NCT00086762;0
NCT00086957;3
NCT00087152;1
NCT00087347;0
NCT00087620;5
NCT00088413;0
NCT00088829;0
NCT00089323;0
NCT00089362;0
NCT00089661;0
NCT00090480;0
NCT00090844;0
NCT00090857;0
NCT00090974;0
NCT00091832;0
NCT00094133;0
NCT00095862;0
NCT00096109;0
NCT00096291;4
NCT00096343;0
NCT00096356;1
NCT00096707;0
NCT00096967;0
NCT00097487;0
NCT00098397;0
NCT00098605;0
NCT00099008;0
NCT00099281;0
NCT00100893;0
NCT00104702;0
NCT00106002;0
NCT00106145;0
NCT00107484;0
NCT00109265;0
NCT00109785;0
NCT00112749;0
NCT00114296;0
NCT00114816;7
NCT00115414;10
NCT00117442;0
NCT00117663;0
NCT00117910;0
NCT00118157;0
NCT00118846;0
NCT00120016;0
NCT00120692;0
NCT00122239;0
NCT00122356;0
NCT00122369;0
NCT00123877;0
NCT00126451;0
NCT00127205;0
NCT00128297;0
NCT00128622;0
NCT00130494;0
NCT00131170;0
NCT00131612;0
NCT00131924;0
NCT00131950;0
NCT00132002;1
NCT00140140;0
NCT00144898;0
NCT00145197;0
NCT00146029;0
NCT00146042;0
NCT00148057;0
NCT00148070;0
NCT00148707;0
NCT00148720;0
NCT00153894;0
NCT00156039;0
NCT00156052;0
NCT00156130;0
NCT00156260;0
NCT00156806;0
NCT00159094;0
NCT00160901;0
NCT00161265;0
NCT00161980;0
NCT00162929;0
NCT00164658;0
NCT00165204;0
NCT00165243;0
NCT00165308;0
NCT00165581;0
NCT00165880;0
NCT00167414;0
NCT00169104;0
NCT00170235;0
NCT00172029;0
NCT00172068;1
NCT00173290;2
NCT00175344;0
NCT00176046;0
NCT00176488;3
NCT00179309;0
NCT00181363;0
NCT00182767;0
NCT00182793;0
NCT00185744;0
NCT00186524;0
NCT00186602;0
NCT00186680;0
NCT00189631;0
NCT00189670;0
NCT00190489;0
NCT00193050;1
NCT00193726;0
NCT00193908;0
NCT00194571;0
NCT00194714;4
NCT00194766;0
NCT00194779;1
NCT00194792;0
NCT00195013;0
NCT00195026;0
NCT00195091;0
NCT00196859;0
NCT00196872;8
NCT00198250;0
NCT00200824;2
NCT00201890;0
NCT00201929;0
NCT00201942;0
NCT00202046;0
NCT00202059;0
NCT00204477;0
NCT00204490;0
NCT00204776;2
NCT00204880;0
NCT00208871;0
NCT00209001;0
NCT00210145;0
NCT00210197;0
NCT00210223;0
NCT00210236;0
NCT00212095;0
NCT00212121;0
NCT00215748;0
NCT00220792;0
NCT00221221;0
NCT00224224;0
NCT00225927;0
NCT00226928;0
NCT00226967;0
NCT00227656;0
NCT00228358;0
NCT00228943;0
NCT00228956;0
NCT00230711;0
NCT00232505;0
NCT00233077;0
NCT00233974;0
NCT00234195;0
NCT00236275;0
NCT00240071;19
NCT00243165;0
NCT00244933;0
NCT00245050;0
NCT00245869;0
NCT00246961;0
NCT00247013;0
NCT00248287;0
NCT00248703;1
NCT00249015;0
NCT00251329;0
NCT00253500;0
NCT00253539;0
NCT00255788;0
NCT00258349;0
NCT00260975;0
NCT00261313;0
NCT00262067;0
NCT00262834;0
NCT00262899;0
NCT00263705;0
NCT00264082;0
NCT00265213;0
NCT00265655;1
NCT00265733;3
NCT00266331;0
NCT00267449;0
NCT00268502;0
NCT00268918;0
NCT00270166;0
NCT00270413;0
NCT00270907;8
NCT00273208;0
NCT00276120;0
NCT00276536;0
NCT00276822;0
NCT00277160;0
NCT00281697;0
NCT00282035;1
NCT00282529;0
NCT00283608;0
NCT00284180;0
NCT00285857;0
NCT00286247;0
NCT00286819;0
NCT00287040;0
NCT00287898;0
NCT00288249;0
NCT00288444;0
NCT00289432;0
NCT00290732;0
NCT00290758;0
NCT00291473;0
NCT00293865;0
NCT00294151;0
NCT00295867;0
NCT00295893;1
NCT00296036;0
NCT00297596;2
NCT00299117;0
NCT00299286;0
NCT00301041;0
NCT00301080;0
NCT00301730;0
NCT00303524;0
NCT00303615;8
NCT00303875;0
NCT00303914;0
NCT00304096;0
NCT00304850;0
NCT00304941;0
NCT00305643;0
NCT00306631;0
NCT00307229;0
NCT00309933;0
NCT00310089;0
NCT00310180;3
NCT00311636;1
NCT00313599;0
NCT00314405;0
NCT00316836;0
NCT00316875;0
NCT00320710;0
NCT00321633;0
NCT00322374;5
NCT00322504;0
NCT00326820;0
NCT00328783;0
NCT00331552;0
NCT00331630;1
NCT00331942;0
NCT00333229;0
NCT00334542;0
NCT00335491;0
NCT00336089;0
NCT00336102;0
NCT00337064;4
NCT00337649;0
NCT00338286;0
NCT00338728;0
NCT00339248;0
NCT00340262;1
NCT00341159;0
NCT00341939;0
NCT00342004;0
NCT00342056;0
NCT00342407;0
NCT00342446;0
NCT00342953;0
NCT00343109;0
NCT00343382;0
NCT00343434;0
NCT00343512;0
NCT00343616;0
NCT00343863;0
NCT00346229;0
NCT00347568;0
NCT00348699;0
NCT00349934;0
NCT00354302;0
NCT00354900;0
NCT00355745;0
NCT00356148;0
NCT00356681;0
NCT00357487;0
NCT00357734;0
NCT00358098;0
NCT00359060;0
NCT00362973;0
NCT00363012;0
NCT00363909;0
NCT00364195;0
NCT00364754;0
NCT00365105;0
NCT00365287;0
NCT00365599;17
NCT00367666;0
NCT00368875;0
NCT00369109;0
NCT00369655;0
NCT00370552;0
NCT00371345;0
NCT00372424;1
NCT00372476;1
NCT00372840;0
NCT00373191;0
NCT00375505;0
NCT00376688;0
NCT00376805;0
NCT00377559;8
NCT00378638;2
NCT00379015;20
NCT00379106;0
NCT00379132;0
NCT00379197;0
NCT00379509;0
NCT00380952;0
NCT00381173;0
NCT00381368;0
NCT00381901;0
NCT00381927;0
NCT00382018;0
NCT00382785;0
NCT00383409;0
NCT00383500;0
NCT00383604;0
NCT00386217;0
NCT00386620;0
NCT00387062;0
NCT00387907;0
NCT00388713;0
NCT00388726;0
NCT00390377;0
NCT00391092;11
NCT00393341;0
NCT00393497;1
NCT00395655;0
NCT00398437;0
NCT00398567;3
NCT00399321;1
NCT00399802;0
NCT00404066;0
NCT00405678;0
NCT00405782;0
NCT00407706;0
NCT00407888;1
NCT00409071;0
NCT00413491;0
NCT00416689;0
NCT00416715;0
NCT00416754;0
NCT00416780;0
NCT00416975;0
NCT00417040;0
NCT00417495;0
NCT00418210;0
NCT00418236;0
NCT00419822;0
NCT00419900;0
NCT00420433;0
NCT00421057;0
NCT00424164;15
NCT00424203;0
NCT00425672;0
NCT00425776;0
NCT00426335;0
NCT00428220;0
NCT00428896;0
NCT00429104;0
NCT00429182;0
NCT00429247;2
NCT00429286;0
NCT00429403;0
NCT00429507;0
NCT00429572;0
NCT00429988;0
NCT00432562;0
NCT00433407;0
NCT00433589;1
NCT00433602;0
NCT00434369;0
NCT00436254;0
NCT00436410;0
NCT00436566;0
NCT00438477;0
NCT00438659;0
NCT00440089;0
NCT00442260;0
NCT00444054;0
NCT00445406;0
NCT00445445;0
NCT00445458;4
NCT00445562;0
NCT00448266;0
NCT00450723;0
NCT00450866;0
NCT00450879;0
NCT00453661;7
NCT00454805;14
NCT00458588;0
NCT00461253;0
NCT00462696;0
NCT00462891;0
NCT00463034;0
NCT00463489;0
NCT00464516;0
NCT00465673;0
NCT00465725;0
NCT00466102;0
NCT00466830;0
NCT00467727;0
NCT00468715;0
NCT00468741;0
NCT00469339;5
NCT00470119;0
NCT00470548;0
NCT00470574;0
NCT00471432;0
NCT00472589;0
NCT00473122;0
NCT00476203;0
NCT00476827;4
NCT00477139;0
NCT00478257;0
NCT00478283;0
NCT00478686;0
NCT00479856;0
NCT00482755;0
NCT00484614;1
NCT00485953;0
NCT00486473;0
NCT00486525;0
NCT00488722;0
NCT00489125;1
NCT00490503;0
NCT00491816;0
NCT00493350;1
NCT00493636;0
NCT00493649;8
NCT00495209;0
NCT00496288;0
NCT00496379;0
NCT00496613;0
NCT00497458;0
NCT00499057;0
NCT00499083;0
NCT00500383;0
NCT00502684;0
NCT00502814;0
NCT00503750;0
NCT00503841;0
NCT00504699;0
NCT00505271;0
NCT00506064;0
NCT00507611;0
NCT00508352;0
NCT00508586;0
NCT00508794;0
NCT00509509;0
NCT00509587;0
NCT00509626;0
NCT00511576;0
NCT00512993;0
NCT00513916;0
NCT00516243;0
NCT00516269;0
NCT00516425;0
NCT00516542;8
NCT00516698;0
NCT00516724;0
NCT00517088;0
NCT00519168;0
NCT00519974;0
NCT00520975;0
NCT00522457;1
NCT00003455;0
NCT00003536;0
NCT00006123;0
NCT00006126;0
NCT00017537;0
NCT00022230;2
NCT00041171;1
NCT00041353;1
NCT00053339;10
NCT00080613;0
NCT00123812;0
NCT00227474;0
NCT00312637;0
NCT00324714;0
NCT00329017;1
NCT00364975;0
NCT00373152;0
NCT00397501;0
NCT00397761;0
NCT00523809;0
NCT00524277;0
NCT00524849;2
NCT00525980;0
NCT00526045;0
NCT00526149;0
NCT00526617;0
NCT00527293;1
NCT00528567;0
NCT00529334;0
NCT00529737;0
NCT00530569;0
NCT00530751;0
NCT00532714;1
NCT00533338;0
NCT00533364;0
NCT00533663;0
NCT00533780;0
NCT00534274;0
NCT00534755;0
NCT00535067;0
NCT00536081;0
NCT00536718;0
NCT00537173;2
NCT00539422;0
NCT00539474;0
NCT00539968;0
NCT00540852;0
NCT00542542;0
NCT00543764;0
NCT00544765;0
NCT00544804;0
NCT00547989;0
NCT00548184;0
NCT00548899;0
NCT00550134;0
NCT00553683;0
NCT00555386;0
NCT00555516;0
NCT00555841;0
NCT00555919;1
NCT00556218;0
NCT00556374;0
NCT00556777;0
NCT00557986;0
NCT00558168;0
NCT00558272;0
NCT00559039;0
NCT00559507;0
NCT00559858;0
NCT00563953;4
NCT00565305;0
NCT00566280;0
NCT00566553;0
NCT00566618;0
NCT00567879;0
NCT00568438;0
NCT00569049;0
NCT00569166;0
NCT00569543;1
NCT00570908;1
NCT00572416;0
NCT00572598;0
NCT00572728;0
NCT00573495;0
NCT00574145;0
NCT00574236;5
NCT00574301;0
NCT00574366;0
NCT00574678;0
NCT00574977;0
NCT00575744;0
NCT00575978;0
NCT00576654;0
NCT00577122;0
NCT00577915;0
NCT00578006;0
NCT00578747;0
NCT00579514;0
NCT00579800;0
NCT00580021;0
NCT00580086;0
NCT00581113;0
NCT00581750;1
NCT00581815;0
NCT00582244;0
NCT00582764;0
NCT00582803;0
NCT00582920;0
NCT00583726;0
NCT00584012;0
NCT00584142;0
NCT00584766;0
NCT00585884;0
NCT00587340;0
NCT00587821;0
NCT00587925;0
NCT00587964;0
NCT00588419;0
NCT00588640;0
NCT00588705;0
NCT00589043;0
NCT00589654;0
NCT00590109;0
NCT00594282;0
NCT00594477;1
NCT00595062;0
NCT00595218;2
NCT00597454;0
NCT00597532;0
NCT00597597;0
NCT00599989;0
NCT00600340;15
NCT00600496;0
NCT00601406;0
NCT00601900;0
NCT00602043;0
NCT00602108;0
NCT00602316;0
NCT00602446;0
NCT00602628;0
NCT00603967;0
NCT00605397;0
NCT00605488;0
NCT00605670;0
NCT00606931;0
NCT00607295;0
NCT00608452;0
NCT00608972;0
NCT00609791;0
NCT00610181;0
NCT00610467;0
NCT00610831;0
NCT00611104;0
NCT00612560;10
NCT00614172;0
NCT00614978;0
NCT00615940;0
NCT00616967;0
NCT00617539;0
NCT00618657;0
NCT00619762;0
NCT00620295;0
NCT00622401;0
NCT00622674;0
NCT00623233;8
NCT00623519;0
NCT00623831;0
NCT00624156;6
NCT00625417;0
NCT00625924;0
NCT00626106;0
NCT00627614;0
NCT00627627;0
NCT00629148;6
NCT00630292;0
NCT00630591;0
NCT00631852;0
NCT00632489;2
NCT00632541;0
NCT00633464;3
NCT00633750;0
NCT00634088;0
NCT00635245;0
NCT00636467;0
NCT00636558;0
NCT00637481;0
NCT00637897;3
NCT00638599;0
NCT00639106;0
NCT00639210;0
NCT00639366;0
NCT00640666;0
NCT00640861;0
NCT00641628;0
NCT00645138;0
NCT00645177;11
NCT00645333;2
NCT00645866;2
NCT00647075;0
NCT00647218;0
NCT00647582;0
NCT00647790;2
NCT00651417;0
NCT00651976;11
NCT00654836;5
NCT00655447;0
NCT00656019;1
NCT00656604;0
NCT00658281;0
NCT00659373;1
NCT00659568;0
NCT00661102;0
NCT00661739;0
NCT00662103;0
NCT00664781;0
NCT00665457;0
NCT00665782;0
NCT00665899;0
NCT00666822;0
NCT00666913;0
NCT00667121;0
NCT00667641;0
NCT00668174;0
NCT00669591;0
NCT00670644;0
NCT00670878;0
NCT00671385;0
NCT00671476;0
NCT00672217;0
NCT00673335;0
NCT00673829;0
NCT00674011;0
NCT00674557;0
NCT00674791;0
NCT00675259;6
NCT00676065;0
NCT00676793;0
NCT00677326;0
NCT00677430;0
NCT00678626;0
NCT00679029;0
NCT00679185;0
NCT00680667;0
NCT00681304;0
NCT00681928;5
NCT00681993;3
NCT00684983;0
NCT00685256;2
NCT00686465;0
NCT00687648;0
NCT00689975;0
NCT00691119;0
NCT00691509;0
NCT00691678;0
NCT00692289;7
NCT00692458;0
NCT00692692;0
NCT00694252;0
NCT00694577;0
NCT00695994;0
NCT00696527;0
NCT00699101;0
NCT00699491;0
NCT00700778;0
NCT00702858;0
NCT00702949;0
NCT00703638;0
NCT00704158;0
NCT00704392;0
NCT00706030;0
NCT00706615;0
NCT00707707;1
NCT00708903;0
NCT00709020;0
NCT00709462;2
NCT00712569;0
NCT00712985;0
NCT00713141;0
NCT00714909;0
NCT00717015;0
NCT00717405;1
NCT00717886;0
NCT00719173;0
NCT00719875;0
NCT00719966;3
NCT00721058;0
NCT00721370;0
NCT00721435;0
NCT00721565;0
NCT00721903;0
NCT00722228;0
NCT00722683;0
NCT00723125;3
NCT00723398;0
NCT00723541;0
NCT00724386;1
NCT00725946;0
NCT00727662;0
NCT00727883;3
NCT00728442;0
NCT00732056;0
NCT00733408;0
NCT00734838;0
NCT00734955;0
NCT00737009;0
NCT00738998;0
NCT00739063;0
NCT00739609;0
NCT00740532;0
NCT00740961;0
NCT00741039;0
NCT00741260;2
NCT00742222;18
NCT00742755;0
NCT00743314;0
NCT00743353;0
NCT00744653;0
NCT00748267;0
NCT00748553;0
NCT00749931;0
NCT00751101;0
NCT00753207;0
NCT00754312;0
NCT00754598;0
NCT00754767;0
NCT00755313;0
NCT00755885;0
NCT00756132;0
NCT00756496;0
NCT00756717;0
NCT00757211;0
NCT00759447;0
NCT00759642;1
NCT00759785;0
NCT00759837;0
NCT00760123;0
NCT00762294;0
NCT00764036;0
NCT00764972;8
NCT00766454;0
NCT00766532;0
NCT00767585;0
NCT00768222;0
NCT00769080;0
NCT00769821;0
NCT00769990;0
NCT00770055;0
NCT00770809;0
NCT00772824;0
NCT00773344;0
NCT00773474;0
NCT00773669;0
NCT00775645;0
NCT00776126;0
NCT00776724;0
NCT00776958;2
NCT00777335;0
NCT00777530;0
NCT00780000;0
NCT00780676;2
NCT00782366;0
NCT00783757;0
NCT00784524;0
NCT00784849;0
NCT00785291;0
NCT00788112;0
NCT00788333;2
NCT00788931;0
NCT00793377;9
NCT00793962;0
NCT00794989;0
NCT00795678;0
NCT00797199;0
NCT00800189;0
NCT00801476;0
NCT00802932;0
NCT00802945;0
NCT00804544;0
NCT00806507;0
NCT00807781;0
NCT00807859;0
NCT00808041;0
NCT00808522;0
NCT00809484;0
NCT00810017;0
NCT00810797;13
NCT00811824;0
NCT00813878;0
NCT00815555;0
NCT00816530;0
NCT00816582;0
NCT00816985;0
NCT00817362;0
NCT00817531;1
NCT00818051;0
NCT00821964;0
NCT00824538;0
NCT00826085;0
NCT00826488;0
NCT00827580;0
NCT00828516;0
NCT00828854;21
NCT00830271;0
NCT00830544;0
NCT00830635;0
NCT00833963;1
NCT00834678;0
NCT00836186;0
NCT00842465;0
NCT00847067;0
NCT00847366;0
NCT00849758;0
NCT00851110;0
NCT00852683;0
NCT00853996;0
NCT00855452;0
NCT00857012;0
NCT00858585;0
NCT00859157;1
NCT00859560;0
NCT00859703;0
NCT00859768;0
NCT00859989;0
NCT00861705;0
NCT00862901;0
NCT00867217;0
NCT00869466;0
NCT00869674;0
NCT00870168;0
NCT00872625;18
NCT00872677;0
NCT00872859;0
NCT00873366;0
NCT00873600;0
NCT00873808;0
NCT00874146;0
NCT00874211;0
NCT00875238;0
NCT00875355;0
NCT00876486;0
NCT00878709;0
NCT00879489;1
NCT00880022;0
NCT00880503;0
NCT00881010;0
NCT00881361;0
NCT00882089;0
NCT00882674;0
NCT00883181;0
NCT00884143;0
NCT00885183;0
NCT00885612;0
NCT00885755;1
NCT00888082;0
NCT00888589;0
NCT00890903;0
NCT00891800;0
NCT00892268;0
NCT00892515;0
NCT00894712;1
NCT00895414;0
NCT00896155;16
NCT00896324;0
NCT00896454;0
NCT00896467;0
NCT00896623;0
NCT00896636;0
NCT00896649;0
NCT00896727;0
NCT00896818;0
NCT00897065;0
NCT00897091;0
NCT00897299;0
NCT00897338;0
NCT00897416;0
NCT00897455;0
NCT00897468;0
NCT00897702;0
NCT00897728;0
NCT00897845;0
NCT00897962;0
NCT00898014;0
NCT00898508;0
NCT00898573;0
NCT00898690;0
NCT00898703;0
NCT00898781;0
NCT00898898;0
NCT00898937;0
NCT00898976;0
NCT00899197;10
NCT00899301;0
NCT00899418;0
NCT00899509;0
NCT00899548;0
NCT00899574;0
NCT00899639;4
NCT00900094;0
NCT00900367;0
NCT00900406;0
NCT00900835;0
NCT00901680;0
NCT00902668;0
NCT00903214;0
NCT00903305;0
NCT00903474;0
NCT00903591;0
NCT00903656;0
NCT00904410;0
NCT00904423;0
NCT00905281;0
NCT00906321;0
NCT00908791;0
NCT00909649;0
NCT00909662;0
NCT00910884;0
NCT00911456;0
NCT00911716;4
NCT00911898;0
NCT00911911;0
NCT00912080;0
NCT00912639;0
NCT00912938;0
NCT00913016;6
NCT00914043;0
NCT00915603;8
NCT00916162;0
NCT00916578;0
NCT00916825;0
NCT00916877;0
NCT00917735;0
NCT00917748;0
NCT00918216;0
NCT00918281;0
NCT00918788;0
NCT00918892;0
NCT00922961;0
NCT00923052;0
NCT00923104;0
NCT00923377;0
NCT00923520;0
NCT00923871;0
NCT00924092;0
NCT00924352;1
NCT00925405;0
NCT00925548;0
NCT00929084;0
NCT00929214;0
NCT00929240;6
NCT00929617;0
NCT00932035;0
NCT00932997;0
NCT00933088;1
NCT00933309;0
NCT00934895;1
NCT00935233;0
NCT00935558;0
NCT00937417;0
NCT00937482;0
NCT00938171;0
NCT00938756;0
NCT00940199;0
NCT00940277;0
NCT00942396;0
NCT00943410;0
NCT00943527;0
NCT00943644;0
NCT00944424;2
NCT00944528;0
NCT00945464;0
NCT00945607;0
NCT00948337;0
NCT00948701;0
NCT00949013;0
NCT00949871;0
NCT00949923;0
NCT00952679;0
NCT00952692;0
NCT00953537;5
NCT00954135;0
NCT00954564;0
NCT00955890;0
NCT00956384;0
NCT00956813;0
NCT00957112;0
NCT00958971;1
NCT00959556;0
NCT00959946;0
NCT00959985;0
NCT00960154;0
NCT00960336;1
NCT00962494;0
NCT00963417;0
NCT00963547;2
NCT00963911;0
NCT00964522;0
NCT00965276;0
NCT00965939;1
NCT00966888;0
NCT00967031;0
NCT00967239;0
NCT00967577;0
NCT00967824;0
NCT00968214;0
NCT00968409;0
NCT00968656;0
NCT00971009;0
NCT00971087;0
NCT00971919;0
NCT00972023;0
NCT00972400;0
NCT00973440;0
NCT00973557;0
NCT00974610;0
NCT00975676;0
NCT00976131;0
NCT00977119;0
NCT00977275;0
NCT00978276;0
NCT00978913;0
NCT00981305;0
NCT00981812;0
NCT00981864;0
NCT00982319;0
NCT00982631;0
NCT00982748;0
NCT00983424;0
NCT00983684;0
NCT00984321;0
NCT00984399;0
NCT00986609;0
NCT00986661;0
NCT00988936;0
NCT00990483;0
NCT00990977;0
NCT00991263;0
NCT00991653;0
NCT00991978;0
NCT00992225;0
NCT00992602;0
NCT00992706;0
NCT00993642;0
NCT00996632;0
NCT00996710;0
NCT00998036;0
NCT00998738;0
NCT00999557;0
NCT00999596;0
NCT01000662;0
NCT01000883;0
NCT01001728;0
NCT01002014;0
NCT01004562;0
NCT01004796;0
NCT01006785;0
NCT01007890;0
NCT01009008;0
NCT01009437;0
NCT01009788;0
NCT01009918;2
NCT01009983;0
NCT01010854;0
NCT01011946;0
NCT01012362;0
NCT01012440;0
NCT01013337;0
NCT01014715;0
NCT01015131;0
NCT01015625;0
NCT01016028;0
NCT01016574;0
NCT01016886;0
NCT01017549;0
NCT01018108;0
NCT01018251;0
NCT01019512;0
NCT01022086;3
NCT01022138;0
NCT01022333;0
NCT01023802;0
NCT01024582;0
NCT01027637;0
NCT01027767;0
NCT01029925;0
NCT01031446;1
NCT01032447;0
NCT01033162;0
NCT01034033;3
NCT01034215;0
NCT01035099;0
NCT01035112;4
NCT01035268;0
NCT01036087;39
NCT01036113;0
NCT01037790;0
NCT01038466;0
NCT01038908;0
NCT01041235;0
NCT01042379;0
NCT01042535;0
NCT01042938;0
NCT01043003;0
NCT01044485;8
NCT01045421;0
NCT01046929;0
NCT01047774;0
NCT01048528;0
NCT01048918;1
NCT01049295;0
NCT01050075;0
NCT01050634;4
NCT01051401;0
NCT01051609;0
NCT01052740;0
NCT01053104;1
NCT01053468;0
NCT01056757;0
NCT01062100;0
NCT01062542;0
NCT01064427;0
NCT01067144;0
NCT01067989;0
NCT01068483;0
NCT01069081;0
NCT01069211;0
NCT01070485;0
NCT01072838;0
NCT01073865;0
NCT01074320;3
NCT01077154;0
NCT01077726;5
NCT01081106;0
NCT01081288;0
NCT01081600;1
NCT01081613;0
NCT01084057;0
NCT01084642;0
NCT01086514;0
NCT01086605;0
NCT01086696;0
NCT01089049;0
NCT01089699;0
NCT01089764;0
NCT01089933;0
NCT01091168;0
NCT01091454;0
NCT01091545;0
NCT01091584;0
NCT01091974;2
NCT01093235;0
NCT01093612;0
NCT01096381;0
NCT01097278;0
NCT01097642;0
NCT01100463;0
NCT01100489;0
NCT01101438;0
NCT01104259;0
NCT01104571;0
NCT01104935;3
NCT01105312;0
NCT01105650;0
NCT01105923;0
NCT01108016;0
NCT01108224;0
NCT01108315;0
NCT01110174;0
NCT01111175;5
NCT01112189;0
NCT01112839;0
NCT01113554;0
NCT01113905;0
NCT01113970;1
NCT01114256;0
NCT01116297;0
NCT01116869;0
NCT01118624;0
NCT01118975;0
NCT01120184;4
NCT01127373;0
NCT01127867;0
NCT01127971;0
NCT01129336;0
NCT01129622;26
NCT01130259;0
NCT01131234;0
NCT01131364;0
NCT01132664;1
NCT01134172;0
NCT01134250;0
NCT01134497;0
NCT01135849;0
NCT01138345;0
NCT01138384;1
NCT01138553;0
NCT01140282;0
NCT01142141;0
NCT01142401;0
NCT01142479;0
NCT01142778;2
NCT01144572;9
NCT01145430;0
NCT01147367;0
NCT01147484;0
NCT01148875;0
NCT01149083;0
NCT01149356;0
NCT01149798;7
NCT01150513;0
NCT01151046;5
NCT01151449;0
NCT01151488;0
NCT01152775;0
NCT01153126;0
NCT01153282;0
NCT01154972;0
NCT01155258;0
NCT01156168;0
NCT01156454;0
NCT01156753;0
NCT01157026;0
NCT01157130;0
NCT01157767;0
NCT01158274;0
NCT01159405;0
NCT01160718;33
NCT01162018;2
NCT01162200;1
NCT01163552;0
NCT01163682;0
NCT01164748;0
NCT01166581;0
NCT01166672;0
NCT01168505;0
NCT01170143;0
NCT01171417;1
NCT01171508;0
NCT01171924;0
NCT01172028;0
NCT01173341;8
NCT01173497;0
NCT01175694;0
NCT01176669;0
NCT01176799;26
NCT01176838;0
NCT01177124;0
NCT01177397;0
NCT01180335;0
NCT01182506;0
NCT01182519;0
NCT01185132;0
NCT01185145;0
NCT01185509;4
NCT01186367;0
NCT01189851;0
NCT01190345;0
NCT01191164;0
NCT01194427;0
NCT01194440;0
NCT01194908;0
NCT01196455;0
NCT01196936;0
NCT01197456;0
NCT01200212;0
NCT01202591;23
NCT01202851;0
NCT01203839;0
NCT01204242;0
NCT01204957;0
NCT01205503;0
NCT01207102;0
NCT01207635;0
NCT01208441;0
NCT01208779;0
NCT01208974;0
NCT01209182;0
NCT01209195;0
NCT01212887;0
NCT01215123;0
NCT01215162;0
NCT01216033;0
NCT01216124;0
NCT01216176;34
NCT01216254;0
NCT01216319;0
NCT01217216;0
NCT01217333;0
NCT01217385;0
NCT01217411;0
NCT01217489;0
NCT01219075;0
NCT01221064;0
NCT01221688;0
NCT01222377;0
NCT01222416;0
NCT01223833;0
NCT01224678;1
NCT01225328;0
NCT01226316;0
NCT01227733;0
NCT01230970;0
NCT01231204;0
NCT01231386;1
NCT01231802;0
NCT01231932;0
NCT01232881;0
NCT01233505;0
NCT01234337;1
NCT01234402;0
NCT01234532;0
NCT01236053;0
NCT01236417;0
NCT01237938;0
NCT01238029;1
NCT01238133;0
NCT01238952;0
NCT01239251;0
NCT01240213;0
NCT01240421;0
NCT01240681;0
NCT01242800;0
NCT01243541;0
NCT01246102;0
NCT01246427;0
NCT01246726;0
NCT01246856;0
NCT01247233;0
NCT01247441;0
NCT01248494;14
NCT01249443;0
NCT01251874;0
NCT01254591;0
NCT01255553;0
NCT01256528;0
NCT01259505;0
NCT01262027;0
NCT01262716;0
NCT01263145;0
NCT01263613;0
NCT01264562;0
NCT01266213;11
NCT01267110;0
NCT01267552;0
NCT01267877;0
NCT01268150;0
NCT01270373;0
NCT01271738;0
NCT01271920;2
NCT01272141;0
NCT01272570;0
NCT01272817;0
NCT01273896;0
NCT01273909;0
NCT01274806;0
NCT01275677;0
NCT01275872;1
NCT01276054;0
NCT01276704;0
NCT01276899;0
NCT01277562;0
NCT01277757;0
NCT01277926;0
NCT01278212;0
NCT01278810;1
NCT01279304;0
NCT01281137;0
NCT01281150;1
NCT01281163;0
NCT01281904;0
NCT01282580;0
NCT01283789;0
NCT01286168;0
NCT01287468;0
NCT01288092;0
NCT01288261;0
NCT01290536;0
NCT01290835;0
NCT01292083;0
NCT01292200;0
NCT01292772;0
NCT01293682;0
NCT01297231;2
NCT01298193;0
NCT01298362;0
NCT01299623;0
NCT01301911;0
NCT01302821;0
NCT01303419;0
NCT01304251;0
NCT01305915;0
NCT01305941;0
NCT01306032;0
NCT01306188;0
NCT01307891;0
NCT01308775;0
NCT01310075;0
NCT01310231;0
NCT01310530;0
NCT01311037;0
NCT01311856;0
NCT01313039;0
NCT01314144;0
NCT01314963;0
NCT01315015;0
NCT01315106;0
NCT01315119;0
NCT01315483;0
NCT01317108;0
NCT01319539;0
NCT01320111;2
NCT01320592;0
NCT01320787;0
NCT01329068;0
NCT01331772;0
NCT01332032;0
NCT01332630;0
NCT01332916;0
NCT01333423;0
NCT01333735;6
NCT01334099;0
NCT01335152;0
NCT01336257;0
NCT01338831;0
NCT01339000;0
NCT01339351;0
NCT01340300;0
NCT01340495;0
NCT01341171;0
NCT01342302;0
NCT01344967;0
NCT01346761;0
NCT01349088;0
NCT01349322;0
NCT01349842;0
NCT01349959;0
NCT01351103;0
NCT01351376;5
NCT01351597;0
NCT01351844;0
NCT01351909;0
NCT01352091;0
NCT01355393;0
NCT01355523;0
NCT01356862;0
NCT01359501;0
NCT01360177;0
NCT01361945;0
NCT01362712;0
NCT01365845;0
NCT01367288;0
NCT01368107;0
NCT01368263;0
NCT01368380;0
NCT01370239;0
NCT01372553;0
NCT01372579;0
NCT01372631;0
NCT01373671;0
NCT01373710;0
NCT01375023;0
NCT01375699;0
NCT01376349;0
NCT01376505;0
NCT01377363;0
NCT01378013;0
NCT01379092;0
NCT01380353;0
NCT01380808;1
NCT01380912;0
NCT01380925;0
NCT01381315;0
NCT01381874;0
NCT01382667;0
NCT01383408;2
NCT01384526;0
NCT01385137;0
NCT01385280;0
NCT01386411;0
NCT01386502;0
NCT01386580;0
NCT01386697;1
NCT01387841;0
NCT01388647;2
NCT01388777;0
NCT01390818;0
NCT01391689;0
NCT01392066;0
NCT01392248;1
NCT01392352;0
NCT01392586;0
NCT01394211;0
NCT01399359;0
NCT01400438;0
NCT01401062;0
NCT01403168;0
NCT01403688;0
NCT01403779;0
NCT01404377;0
NCT01407770;0
NCT01409226;0
NCT01409811;0
NCT01411787;0
NCT01411943;0
NCT01412788;0
NCT01413828;0
NCT01414062;0
NCT01416389;0
NCT01417286;0
NCT01418326;0
NCT01419197;1
NCT01419613;0
NCT01419717;0
NCT01420185;0
NCT01421004;0
NCT01421017;0
NCT01421472;0
NCT01422551;0
NCT01423890;0
NCT01424865;0
NCT01424956;0
NCT01425268;0
NCT01427166;0
NCT01427933;0
NCT01428739;0
NCT01430585;40
NCT01431196;0
NCT01432145;0
NCT01433302;0
NCT01433562;0
NCT01433640;0
NCT01433926;0
NCT01434134;0
NCT01434303;0
NCT01434342;0
NCT01434420;0
NCT01436591;0
NCT01437007;0
NCT01437566;20
NCT01439191;0
NCT01439282;0
NCT01439711;3
NCT01440010;0
NCT01440413;0
NCT01441011;0
NCT01441089;0
NCT01444456;0
NCT01445054;0
NCT01446016;0
NCT01446185;0
NCT01450020;0
NCT01451580;0
NCT01451632;0
NCT01452399;0
NCT01452672;0
NCT01453452;0
NCT01458457;0
NCT01459003;0
NCT01459172;0
NCT01459653;0
NCT01460186;0
NCT01463891;0
NCT01464970;0
NCT01466270;0
NCT01466972;0
NCT01467310;0
NCT01468649;0
NCT01468675;0
NCT01468883;0
NCT01471106;0
NCT01471847;0
NCT01472146;0
NCT01472445;3
NCT01473680;0
NCT01477060;0
NCT01477489;0
NCT01478477;0
NCT01479101;0
NCT01479179;0
NCT01479244;0
NCT01479946;0
NCT01480583;0
NCT01482741;0
NCT01483001;0
NCT01483196;0
NCT01483300;0
NCT01484015;0
NCT01484080;18
NCT01487343;0
NCT01487954;0
NCT01488123;0
NCT01490892;0
NCT01491737;0
NCT01492101;0
NCT01492543;0
NCT01494662;0
NCT01495247;0
NCT01495650;0
NCT01495884;0
NCT01496001;0
NCT01497015;0
NCT01498458;0
NCT01498536;0
NCT01500577;0
NCT01501487;0
NCT01501604;0
NCT01503190;0
NCT01503697;0
NCT01504789;0
NCT01506466;0
NCT01508273;0
NCT01509781;0
NCT01509963;0
NCT01510964;0
NCT01511276;0
NCT01512069;0
NCT01513356;0
NCT01513408;0
NCT01515800;0
NCT01516190;1
NCT01516736;0
NCT01517152;0
NCT01517802;0
NCT01517945;0
NCT01520103;0
NCT01520389;0
NCT01521000;0
NCT01521676;0
NCT01522820;0
NCT01523132;0
NCT01525264;0
NCT01525589;0
NCT01525966;0
NCT01526512;0
NCT01527409;0
NCT01528345;8
NCT01528826;0
NCT01530373;0
NCT01530607;0
NCT01532232;0
NCT01532960;0
NCT01534455;0
NCT01535040;0
NCT01535066;0
NCT01537029;3
NCT01537406;0
NCT01539317;0
NCT01539876;0
NCT01540955;0
NCT01542216;0
NCT01542814;0
NCT01542983;0
NCT01543126;0
NCT01543711;0
NCT01544374;0
NCT01544959;0
NCT01545648;0
NCT01546649;0
NCT01548209;0
NCT01548534;0
NCT01552434;0
NCT01552655;0
NCT01553097;0
NCT01554267;0
NCT01554371;0
NCT01554943;0
NCT01555645;0
NCT01557478;0
NCT01558258;0
NCT01559194;0
NCT01560663;0
NCT01561287;0
NCT01561443;2
NCT01562288;0
NCT01562873;0
NCT01563211;0
NCT01563588;0
NCT01564056;0
NCT01564368;0
NCT01569672;0
NCT01570998;0
NCT01572727;18
NCT01573442;0
NCT01574170;0
NCT01576666;0
NCT01577420;0
NCT01581619;0
NCT01582685;0
NCT01582971;0
NCT01587248;0
NCT01588262;0
NCT01588522;0
NCT01589861;0
NCT01591746;0
NCT01591811;0
NCT01591915;0
NCT01592825;0
NCT01594398;0
NCT01596647;0
NCT01597414;0
NCT01597999;0
NCT01598077;0
NCT01598285;0
NCT01599039;0
NCT01602380;23
NCT01603303;0
NCT01605630;0
NCT01606072;0
NCT01606241;0
NCT01608451;1
NCT01609127;1
NCT01610050;0
NCT01611038;0
NCT01611727;0
NCT01612247;0
NCT01612338;0
NCT01612728;0
NCT01612910;0
NCT01613352;0
NCT01613482;0
NCT01613560;0
NCT01614184;0
NCT01614704;0
NCT01616758;0
NCT01617915;0
NCT01618136;0
NCT01618357;0
NCT01619111;0
NCT01621425;0
NCT01621659;0
NCT01621906;0
NCT01622478;0
NCT01622868;0
NCT01624090;0
NCT01624441;0
NCT01625286;0
NCT01626066;0
NCT01626144;0
NCT01626209;0
NCT01626781;0
NCT01627366;0
NCT01628887;0
NCT01630226;0
NCT01630499;0
NCT01631552;0
NCT01632332;0
NCT01632956;0
NCT01635465;0
NCT01638247;7
NCT01638533;0
NCT01640665;0
NCT01641562;0
NCT01642511;0
NCT01642771;4
NCT01645059;0
NCT01645839;0
NCT01646346;0
NCT01647607;0
NCT01647672;0
NCT01648608;9
NCT01649258;0
NCT01649505;0
NCT01650506;0
NCT01652560;0
NCT01653366;1
NCT01653964;2
NCT01655225;0
NCT01655992;1
NCT01658033;0
NCT01658462;3
NCT01658956;0
NCT01659645;0
NCT01660529;0
NCT01661816;6
NCT01663870;0
NCT01664091;0
NCT01664494;0
NCT01666171;0
NCT01666899;0
NCT01667328;0
NCT01668914;0
NCT01669148;0
NCT01669187;0
NCT01672021;0
NCT01672125;0
NCT01672684;0
NCT01674140;3
NCT01674881;0
NCT01676753;0
NCT01677455;0
NCT01677520;0
NCT01679223;0
NCT01679743;0
NCT01681901;0
NCT01684579;0
NCT01686971;2
NCT01688479;0
NCT01688609;0
NCT01693549;0
NCT01694225;0
NCT01695057;0
NCT01697345;0
NCT01698164;0
NCT01698281;0
NCT01700270;0
NCT01701050;0
NCT01701466;0
NCT01702558;0
NCT01703520;0
NCT01703754;0
NCT01705340;0
NCT01706016;0
NCT01706432;0
NCT01708798;0
NCT01709175;1
NCT01710605;0
NCT01711502;0
NCT01711710;0
NCT01712009;0
NCT01712815;0
NCT01712893;0
NCT01714128;1
NCT01717131;0
NCT01717261;0
NCT01719562;0
NCT01722851;0
NCT01722890;1
NCT01723592;0
NCT01724242;0
NCT01724606;0
NCT01725386;0
NCT01725633;0
NCT01726322;2
NCT01727011;0
NCT01728506;0
NCT01729884;0
NCT01730118;0
NCT01730365;0
NCT01730729;0
NCT01730833;0
NCT01732939;0
NCT01733628;0
NCT01734499;0
NCT01736605;0
NCT01737970;0
NCT01738048;0
NCT01738152;0
NCT01738438;0
NCT01738685;0
NCT01740323;0
NCT01741597;0
NCT01741883;0
NCT01742975;0
NCT01743560;5
NCT01745289;0
NCT01745965;0
NCT01750073;0
NCT01750320;0
NCT01752907;0
NCT01753908;0
NCT01754519;0
NCT01754597;0
NCT01755208;0
NCT01756092;0
NCT01758419;0
NCT01761240;0
NCT01762020;0
NCT01763710;0
NCT01763931;0
NCT01764087;0
NCT01764789;0
NCT01764802;0
NCT01765049;0
NCT01765309;0
NCT01766102;0
NCT01770353;0
NCT01771497;0
NCT01771549;0
NCT01771666;0
NCT01773460;0
NCT01775085;0
NCT01776008;0
NCT01777945;7
NCT01777958;0
NCT01780064;0
NCT01780532;0
NCT01781299;0
NCT01781338;0
NCT01783756;0
NCT01784042;0
NCT01784393;0
NCT01785420;0
NCT01785992;0
NCT01788839;0
NCT01789684;0
NCT01789983;0
NCT01790399;0
NCT01791478;0
NCT01792726;0
NCT01792882;0
NCT01792999;1
NCT01793948;0
NCT01795768;0
NCT01796444;0
NCT01796977;0
NCT01797354;0
NCT01799031;0
NCT01800422;0
NCT01801527;0
NCT01802346;0
NCT01802970;0
NCT01803139;0
NCT01803282;0
NCT01803503;0
NCT01803516;0
NCT01803958;0
NCT01804309;0
NCT01805076;0
NCT01805089;0
NCT01805271;0
NCT01805908;0
NCT01806259;0
NCT01806675;0
NCT01808040;0
NCT01809171;3
NCT01811199;0
NCT01811264;0
NCT01814150;0
NCT01814449;0
NCT01814865;0
NCT01815346;0
NCT01816035;0
NCT01817231;0
NCT01817374;0
NCT01819233;1
NCT01819324;0
NCT01819948;0
NCT01821833;0
NCT01823107;0
NCT01823172;10
NCT01823549;0
NCT01823991;0
NCT01824498;0
NCT01824745;0
NCT01824836;0
NCT01829984;0
NCT01830933;0
NCT01831024;0
NCT01831089;0
NCT01833637;0
NCT01834521;0
NCT01834950;0
NCT01836640;0
NCT01837095;0
NCT01837147;0
NCT01837225;0
NCT01839838;0
NCT01840163;0
NCT01840293;0
NCT01840306;0
NCT01840488;0
NCT01842321;0
NCT01843608;0
NCT01843725;0
NCT01846091;0
NCT01847001;0
NCT01847599;0
NCT01849250;0
NCT01849614;0
NCT01849978;0
NCT01852032;0
NCT01853306;3
NCT01853436;0
NCT01855503;2
NCT01855607;0
NCT01856543;0
NCT01857882;0
NCT01858116;0
NCT01861054;0
NCT01861496;0
NCT01862081;0
NCT01862900;0
NCT01864083;0
NCT01864746;0
NCT01866813;0
NCT01867229;0
NCT01867879;0
NCT01869335;0
NCT01871116;0
NCT01872975;0
NCT01873794;0
NCT01873833;0
NCT01874522;0
NCT01875367;0
NCT01876238;0
NCT01878695;0
NCT01879189;0
NCT01880541;0
NCT01880580;0
NCT01880645;0
NCT01880853;0
NCT01881022;0
NCT01881230;0
NCT01881880;0
NCT01881932;2
NCT01884285;0
NCT01885741;0
NCT01887288;0
NCT01889238;0
NCT01891123;0
NCT01891227;0
NCT01892540;0
NCT01893957;0
NCT01895491;0
NCT01898117;1
NCT01898312;1
NCT01900418;0
NCT01900730;0
NCT01900821;0
NCT01901094;0
NCT01903174;0
NCT01904903;0
NCT01907880;0
NCT01908101;0
NCT01908270;0
NCT01910350;4
NCT01912963;0
NCT01914614;0
NCT01916122;0
NCT01916837;0
NCT01917578;0
NCT01918254;5
NCT01918306;0
NCT01919749;1
NCT01920139;0
NCT01922921;0
NCT01923168;0
NCT01923220;0
NCT01925651;0
NCT01927081;0
NCT01927939;1
NCT01928186;0
NCT01928589;0
NCT01928615;0
NCT01928992;0
NCT01929395;0
NCT01929720;0
NCT01929941;0
NCT01931644;0
NCT01931709;0
NCT01931943;0
NCT01934335;0
NCT01934894;0
NCT01935492;0
NCT01936961;0
NCT01937039;0
NCT01937052;0
NCT01937507;0
NCT01938157;0
NCT01938651;0
NCT01938833;0
NCT01939054;2
NCT01939483;0
NCT01939847;1
NCT01941784;0
NCT01943240;1
NCT01943695;0
NCT01948726;0
NCT01948843;0
NCT01949376;0
NCT01951534;0
NCT01952054;0
NCT01952717;0
NCT01953159;0
NCT01953588;0
NCT01954641;0
NCT01954654;0
NCT01954706;0
NCT01956409;0
NCT01956552;0
NCT01957020;0
NCT01957514;0
NCT01959867;0
NCT01960803;0
NCT01961531;0
NCT01963572;0
NCT01963624;0
NCT01964924;1
NCT01965522;2
NCT01967823;0
NCT01969448;2
NCT01972048;0
NCT01973660;2
NCT01975558;0
NCT01975597;0
NCT01975831;0
NCT01976169;1
NCT01977053;0
NCT01978977;0
NCT01980823;0
NCT01982591;0
NCT01983995;0
NCT01984138;0
NCT01984892;0
NCT01985971;0
NCT01986140;1
NCT01986426;0
NCT01986569;0
NCT01987726;0
NCT01988324;0
NCT01988571;0
NCT01989546;0
NCT01990209;0
NCT01992250;0
NCT01992471;0
NCT01993498;0
NCT01994369;0
NCT01996046;0
NCT01996267;6
NCT01996410;0
NCT01997190;0
NCT01997333;0
NCT01998906;8
NCT01999062;0
NCT02000375;0
NCT02000596;5
NCT02000622;0
NCT02001519;0
NCT02002533;0
NCT02003092;0
NCT02003209;0
NCT02003560;0
NCT02004496;0
NCT02005458;0
NCT02005614;0
NCT02005926;0
NCT02006979;0
NCT02008734;1
NCT02008994;0
NCT02009449;0
NCT02010008;0
NCT02011880;0
NCT02012608;0
NCT02012634;0
NCT02012699;0
NCT02013492;0
NCT02014337;0
NCT02015416;0
NCT02015559;0
NCT02015806;0
NCT02015897;0
NCT02018419;0
NCT02019303;0
NCT02019524;0
NCT02022202;0
NCT02022579;0
NCT02024074;0
NCT02024568;0
NCT02025413;0
NCT02032498;0
NCT02033486;0
NCT02035085;0
NCT02035813;0
NCT02037269;0
NCT02037529;0
NCT02038010;0
NCT02038114;0
NCT02038699;1
NCT02041364;0
NCT02041429;0
NCT02042456;0
NCT02042885;0
NCT02045368;0
NCT02046057;0
NCT02046421;0
NCT02048059;0
NCT02049632;0
NCT02051218;0
NCT02052102;0
NCT02052778;0
NCT02055937;0
NCT02056067;0
NCT02056886;0
NCT02057029;0
NCT02057536;0
NCT02058381;0
NCT02058615;0
NCT02058667;5
NCT02060253;0
NCT02061332;0
NCT02061527;0
NCT02062255;0
NCT02064829;1
NCT02065232;0
NCT02065609;0
NCT02066142;0
NCT02066532;0
NCT02067351;0
NCT02067416;4
NCT02067637;0
NCT02067741;0
NCT02067884;0
NCT02068092;0
NCT02069158;0
NCT02071862;0
NCT02073045;0
NCT02073487;1
NCT02074878;0
NCT02076620;0
NCT02077569;0
NCT02077998;0
NCT02078752;0
NCT02079272;1
NCT02079662;0
NCT02080390;0
NCT02081612;0
NCT02086578;0
NCT02088684;37
NCT02088710;0
NCT02089100;1
NCT02089178;0
NCT02089854;28
NCT02091765;0
NCT02091960;0
NCT02092636;0
NCT02093039;0
NCT02094742;0
NCT02095210;0
NCT02096185;0
NCT02096588;0
NCT02101320;0
NCT02101385;0
NCT02101879;3
NCT02101970;0
NCT02102165;0
NCT02102490;1
NCT02103387;0
NCT02103946;0
NCT02104895;2
NCT02108561;0
NCT02109068;0
NCT02109913;5
NCT02111239;0
NCT02111850;0
NCT02112149;0
NCT02612012;0
NCT02613923;0
NCT02614794;4
NCT02615054;0
NCT02615509;0
NCT02616133;0
NCT02616432;1
NCT02616744;0
NCT02617043;0
NCT02617264;0
NCT02619123;0
NCT02619292;0
NCT02619669;17
NCT02620371;0
NCT02620852;0
NCT02621099;0
NCT02621437;0
NCT02621957;0
NCT02622711;0
NCT02624700;0
NCT02624973;0
NCT02625506;0
NCT02626377;0
NCT02626507;9
NCT02626858;0
NCT02627274;0
NCT02627703;0
NCT02627976;0
NCT02628535;0
NCT02630368;0
NCT02632045;0
NCT02632071;0
NCT02632435;0
NCT02632448;0
NCT02633605;0
NCT02635737;0
NCT02637024;0
NCT02637466;0
NCT02637531;0
NCT02637765;0
NCT02639026;0
NCT02639611;0
NCT02639832;0
NCT02642458;0
NCT02643303;0
NCT02643966;0
NCT02644382;0
NCT02645175;0
NCT02646319;0
NCT02646748;0
NCT02647216;0
NCT02647385;0
NCT02648477;0
NCT02648802;0
NCT02649686;0
NCT02650193;0
NCT02650635;0
NCT02650752;0
NCT02650778;0
NCT02651142;0
NCT02652923;0
NCT02653755;0
NCT02654119;0
NCT02654431;0
NCT02654457;0
NCT02657889;3
NCT02658708;0
NCT02658812;0
NCT02659501;0
NCT02660788;0
NCT02661100;0
NCT02661204;0
NCT02664389;0
NCT02666079;0
NCT02667626;0
NCT02668263;0
NCT02668666;4
NCT02669576;0
NCT02669914;0
NCT02670603;0
NCT02670668;0
NCT02672189;0
NCT02673268;0
NCT02673398;0
NCT02673918;0
NCT02675049;1
NCT02676531;0
NCT02676986;5
NCT02677389;0
NCT02677714;0
NCT02677857;0
NCT02679040;0
NCT02679378;0
NCT02679586;0
NCT02679638;0
NCT02681107;0
NCT02681562;4
NCT02681640;0
NCT02681965;0
NCT02682836;0
NCT02683083;0
NCT02685059;25
NCT02685111;0
NCT02685306;0
NCT02685332;0
NCT02688166;0
NCT02688725;0
NCT02688803;52
NCT02688998;0
NCT02690636;0
NCT02690766;0
NCT02690805;0
NCT02692209;0
NCT02692742;0
NCT02694029;0
NCT02694380;0
NCT02694640;0
NCT02694796;0
NCT02695121;0
NCT02696707;0
NCT02696759;0
NCT02698176;0
NCT02698202;0
NCT02698891;0
NCT02700386;0
NCT02702050;0
NCT02702830;0
NCT02704312;0
NCT02704832;0
NCT02705859;0
NCT02706392;0
NCT02706964;0
NCT02707835;0
NCT02708680;0
NCT02710058;0
NCT02713022;0
NCT02713269;0
NCT02719691;0
NCT02721147;0
NCT02723877;0
NCT02724514;0
NCT02725489;0
NCT02725801;0
NCT02725840;0
NCT02726477;5
NCT02726763;0
NCT02727868;0
NCT02728076;0
NCT02728596;0
NCT02730130;2
NCT02730858;0
NCT02732171;0
NCT02732860;1
NCT02733601;0
NCT02734121;0
NCT02734290;0
NCT02734615;0
NCT02735668;0
NCT02735746;0
NCT02736604;0
NCT02739425;0
NCT02739620;0
NCT02742168;0
NCT02742935;0
NCT02743858;0
NCT02743910;0
NCT02745262;0
NCT02746328;0
NCT02746666;0
NCT02747004;11
NCT02748746;0
NCT02749019;0
NCT02750241;0
NCT02750358;0
NCT02751710;0
NCT02752009;0
NCT02752659;0
NCT02753595;0
NCT02753673;1
NCT02753686;1
NCT02753985;0
NCT02754427;0
NCT02754752;0
NCT02755987;0
NCT02759133;0
NCT02759549;0
NCT02759783;0
NCT02759796;0
NCT02760030;0
NCT02761616;0
NCT02763228;0
NCT02766530;0
NCT02768337;0
NCT02768714;0
NCT02769299;1
NCT02770469;0
NCT02770586;0
NCT02770781;0
NCT02771353;0
NCT02771756;0
NCT02771938;0
NCT02772367;0
NCT02772731;0
NCT02773004;0
NCT02773095;0
NCT02773784;0
NCT02774681;0
NCT02774785;0
NCT02776436;0
NCT02778763;0
NCT02779751;0
NCT02779855;0
NCT02780271;0
NCT02780401;0
NCT02780713;0
NCT02781051;0
NCT02783664;0
NCT02783755;0
NCT02784730;0
NCT02784795;0
NCT02785861;0
NCT02785887;0
NCT03289195;0
NCT03289286;0
NCT03289364;0
NCT03289962;0
NCT03290651;0
NCT03291938;0
NCT03292198;0
NCT03292328;0
NCT03294694;0
NCT03295695;0
NCT03297346;0
NCT03300206;4
NCT03300349;0
NCT03300843;0
NCT03301350;17
NCT03302819;0
NCT03304002;0
NCT03304210;0
NCT03304587;0
NCT03304756;0
NCT03305757;0
NCT03307525;0
NCT03310541;0
NCT03312738;6
NCT03313908;0
NCT03314168;0
NCT03314870;0
NCT03316794;0
NCT03317405;0
NCT03318263;0
NCT03318562;1
NCT03319342;1
NCT03319459;0
NCT03319511;0
NCT03321045;0
NCT03321929;0
NCT03321981;0
NCT03323333;0
NCT03323346;0
NCT03323424;0
NCT03324802;0
NCT03324932;0
NCT03326258;0
NCT03326713;0
NCT03328026;0
NCT03328884;0
NCT03329950;0
NCT03330847;0
NCT03333993;0
NCT03336827;0
NCT03339518;0
NCT03339765;0
NCT03340402;0
NCT03342417;0
NCT03342625;0
NCT03343145;0
NCT03343613;0
NCT03343691;0
NCT03344965;0
NCT03345485;0
NCT03346161;0
NCT03348293;0
NCT03348696;0
NCT03350854;0
NCT03354611;0
NCT03355157;0
NCT03355261;0
NCT03357120;0
NCT03357744;0
NCT03358004;3
NCT03358017;0
NCT03358511;0
NCT03358589;0
NCT03359759;0
NCT03360214;0
NCT03361800;0
NCT03362060;0
NCT03364348;0
NCT03365895;0
NCT03365973;0
NCT03366844;2
NCT03368729;0
NCT03371732;0
NCT03372902;0
NCT03373474;5
NCT03374826;0
NCT03375827;0
NCT03375892;3
NCT03376503;0
NCT03377036;0
NCT03377101;6
NCT03377387;0
NCT03377816;0
NCT03381417;0
NCT03382340;0
NCT03383679;0
NCT03383835;0
NCT03384316;1
NCT03384511;0
NCT03384914;0
NCT03384992;0
NCT03385031;0
NCT03385200;0
NCT03386617;0
NCT03387553;0
NCT03388814;0
NCT03390608;0
NCT03390894;0
NCT03391206;0
NCT03391271;0
NCT03393117;0
NCT03393741;0
NCT03394027;0
NCT03394742;0
NCT03395327;2
NCT03395899;0
NCT03397537;40
NCT03398057;0
NCT03400215;0
NCT03400254;0
NCT03401034;0
NCT03401359;0
NCT03402529;0
NCT03402997;0
NCT03405168;0
NCT03405519;0
NCT03407040;0
NCT03407430;0
NCT03407716;0
NCT03407768;0
NCT03408717;0
NCT03411161;0
NCT03411174;0
NCT03412877;0
NCT03413332;0
NCT03413761;0
NCT03414658;0
NCT03414970;0
NCT03417544;0
NCT03417622;0
NCT03419741;0
NCT03420105;0
NCT03420547;0
NCT03421522;0
NCT03422003;0
NCT03422679;0
NCT03424005;0
NCT03424915;0
NCT03427450;0
NCT03428399;0
NCT03428581;0
NCT03428802;0
NCT03429296;0
NCT03429504;0
NCT03429972;0
NCT03430024;0
NCT03430466;8
NCT03430479;0
NCT03430518;6
NCT03430765;0
NCT03432429;0
NCT03432741;0
NCT03433560;1
NCT03435666;2
NCT03436069;0
NCT03437083;0
NCT03437161;0
NCT03437395;0
NCT03437642;0
NCT03437837;0
NCT03439735;0
NCT03442127;0
NCT03442478;0
NCT03442504;0
NCT03442543;0
NCT03442686;0
NCT03444025;0
NCT03447886;0
NCT03449108;0
NCT03449264;0
NCT03449303;0
NCT03450044;0
NCT03451162;0
NCT03452774;0
NCT03454451;0
NCT03454529;0
NCT03455270;0
NCT03456167;0
NCT03456427;0
NCT03456583;0
NCT03457467;0
NCT03457506;0
NCT03459898;0
NCT03460067;0
NCT03461172;0
NCT03461224;0
NCT03462251;0
NCT03464942;0
NCT03465813;0
NCT03468374;0
NCT03468881;0
NCT03470402;0
NCT03471442;0
NCT03471741;0
NCT03472794;0
NCT03473639;0
NCT03473691;0
NCT03474016;0
NCT03474822;0
NCT03475979;0
NCT03475992;0
NCT03476070;0
NCT03476226;0
NCT03477396;0
NCT03477565;0
NCT03478384;0
NCT03479385;0
NCT03480659;0
NCT03482401;0
NCT03482557;0
NCT03487601;0
NCT03487666;2
NCT03494244;0
NCT03495011;5
NCT03495115;0
NCT03495544;0
NCT03498157;0
NCT03499353;1
NCT03499899;0
NCT03500380;0
NCT03503799;0
NCT03504488;0
NCT03504631;0
NCT03504865;0
NCT03505164;0
NCT03505528;0
NCT03505671;7
NCT03505736;0
NCT03507088;0
NCT03507465;0
NCT03509090;0
NCT03510689;0
NCT03510988;0
NCT03511079;0
NCT03511378;0
NCT03513614;0
NCT03514121;0
NCT03514654;0
NCT03515798;3
NCT03516253;0
NCT03517332;0
NCT03517813;0
NCT03518242;0
NCT03518268;0
NCT03518606;0
NCT03519178;0
NCT03519438;1
NCT03520218;0
NCT03521245;0
NCT03523078;4
NCT03523195;0
NCT03523572;0
NCT03524170;0
NCT03524248;0
NCT03524261;0
NCT03529383;0
NCT03530696;0
NCT03535701;0
NCT03535961;0
NCT03536897;0
NCT03538028;0
NCT03538223;0
NCT03540251;0
NCT03541278;0
NCT03541863;0
NCT03542604;0
NCT03543059;2
NCT03543072;0
NCT03544125;0
NCT03544762;0
NCT03546478;0
NCT03546673;0
NCT03546686;1
NCT03549000;0
NCT03552718;0
NCT03554044;0
NCT03554434;0
NCT03555227;0
NCT03556397;0
NCT03557554;0
NCT03557801;0
NCT03558490;0
NCT03560102;0
NCT03561454;0
NCT03562637;0
NCT03564171;0
NCT03564782;0
NCT03564899;0
NCT03566394;0
NCT03566485;0
NCT03567044;0
NCT03567720;0
NCT03568526;0
NCT03568656;0
NCT03568981;0
NCT03571841;0
NCT03571984;0
NCT03572153;0
NCT03572361;0
NCT03572374;0
NCT03573648;0
NCT03573661;0
NCT03573804;0
NCT03574194;0
NCT03575065;0
NCT03575624;0
NCT03576131;0
NCT03576521;0
NCT03577197;0
NCT03577743;1
NCT03578380;0
NCT03578484;0
NCT03578627;0
NCT03579472;0
NCT03580109;0
NCT03581136;0
NCT03581630;0
NCT03585218;0
NCT03585621;0
NCT03586583;0
NCT03589924;0
NCT03591276;0
NCT03591848;0
NCT03592004;0
NCT03592121;0
NCT03596073;0
NCT03596463;0
NCT03596658;0
NCT03598660;0
NCT03598712;0
NCT03599453;0
NCT03602079;0
NCT03604666;0
NCT03604939;0
NCT03606616;0
NCT03606967;0
NCT03607552;0
NCT03608865;0
NCT03609671;0
NCT03611543;0
NCT03612596;0
NCT03612648;0
NCT03612934;0
NCT03613181;0
NCT03615430;0
NCT03615573;0
NCT03616587;0
NCT03616626;0
NCT03617341;0
NCT03618017;0
NCT03618433;0
NCT03619044;0
NCT03619083;0
NCT03619967;0
NCT03619993;0
NCT03620643;0
NCT03621982;0
NCT03623490;1
NCT03623945;0
NCT03624088;0
NCT03624478;0
NCT03624543;0
NCT03624972;0
NCT03625635;0
NCT03626220;0
NCT03627442;0
NCT03627988;0
NCT03629717;0
NCT03629756;0
NCT03630354;0
NCT03630653;0
NCT03630809;0
NCT03630913;0
NCT03631758;0
NCT03632941;0
NCT03635723;0
NCT03636776;0
NCT03637738;0
NCT03638219;0
NCT03638765;1
NCT03639948;0
NCT03640117;0
NCT03640819;0
NCT03642990;0
NCT03643861;0
NCT03644329;0
NCT03644589;0
NCT03647280;2
NCT03648983;0
NCT03650803;0
NCT03650868;0
NCT03650894;0
NCT03651037;0
NCT03651921;0
NCT03651973;0
NCT03652077;0
NCT03652935;0
NCT03653988;0
NCT03654547;0
NCT03655353;0
NCT03655600;0
NCT03656731;0
NCT03657628;0
NCT03658057;0
NCT03658265;0
NCT03661424;0
NCT03661892;0
NCT03662204;0
NCT03663153;0
NCT03664895;0
NCT03665077;0
NCT03665285;0
NCT03666819;0
NCT03667560;0
NCT03667716;0
NCT03669497;0
NCT03669705;0
NCT03671044;0
NCT03673306;0
NCT03674112;0
NCT03674242;0
NCT03674437;0
NCT03674515;0
NCT03674827;0
NCT03676127;0
NCT03681418;0
NCT03682744;0
NCT03683147;0
NCT03684096;0
NCT03684135;0
NCT03684863;0
NCT03685331;3
NCT03686098;0
NCT03686215;0
NCT03688035;0
NCT03688958;0
NCT03689192;0
NCT03691311;0
NCT03694756;0
NCT03696030;0
NCT03696056;0
NCT03697200;0
NCT03697551;0
NCT03697577;0
NCT03698383;0
NCT03698942;0
NCT03702309;0
NCT03702556;0
NCT03702712;0
NCT03702868;0
NCT03703492;0
NCT03706534;0
NCT03706573;0
NCT03707574;0
NCT03708055;0
NCT03708393;0
NCT03709082;0
NCT03709134;0
NCT03709186;0
NCT03709446;0
NCT03711110;0
NCT03711877;0
NCT03711916;0
NCT03712176;0
NCT03712813;0
NCT03713255;0
NCT03715959;0
NCT03716245;0
NCT03716583;0
NCT03718442;0
NCT03718455;0
NCT03719326;0
NCT03719495;0
NCT03719677;1
NCT03719833;0
NCT03721211;0
NCT03723863;0
NCT03723928;0
NCT03724253;0
NCT03725059;44
NCT03725436;0
NCT03726931;0
NCT03729115;0
NCT03729596;0
NCT03729661;0
NCT03730298;0
NCT03730818;0
NCT03731026;0
NCT03731845;0
NCT03732391;0
NCT03733106;0
NCT03733119;0
NCT03734029;1
NCT03734432;0
NCT03735550;0
NCT03735680;0
NCT03737266;0
NCT03737500;0
NCT03737695;0
NCT03738527;0
NCT03738605;0
NCT03739931;0
NCT03740256;0
NCT03740945;0
NCT03742245;0
NCT03742349;0
NCT03742986;0
NCT03743324;0
NCT03744715;1
NCT03746431;0
NCT03748030;0
NCT03749421;0
NCT03749850;0
NCT03750240;0
NCT03750396;0
NCT03753776;0
NCT03754816;0
NCT03755141;0
NCT03755739;0
NCT03758976;0
NCT03759548;9
NCT03760536;0
NCT03760588;0
NCT03760653;0
NCT03761706;0
NCT03761914;0
NCT03761940;0
NCT03762044;0
NCT03763604;0
NCT03763825;0
NCT03763851;0
NCT03764943;0
NCT03765996;0
NCT03766009;0
NCT03767335;11
NCT03768258;0
NCT03768479;0
NCT03769415;0
NCT03769428;0
NCT03770598;0
NCT03771183;0
NCT03771833;0
NCT03773133;0
NCT03774472;0
NCT03775525;0
NCT03775850;0
NCT03777397;0
NCT03777579;2
NCT03779022;0
NCT03779685;0
NCT03780491;0
NCT03782896;0
NCT03783481;0
NCT03783546;0
NCT03786094;0
NCT03786107;0
NCT03786198;0
NCT03787056;0
NCT03787303;0
NCT03788083;0
NCT03788187;0
NCT03788213;0
NCT03789097;0
NCT03790423;0
NCT03790813;0
NCT03791008;0
NCT03791138;0
NCT03791736;0
NCT03792529;0
NCT03794388;0
NCT03795012;0
NCT03795246;0
NCT03795493;1
NCT03796273;0
NCT03796559;0
NCT03797248;0
NCT03797326;0
NCT03797482;0
NCT03799523;0
NCT03799692;0
NCT03799757;0
NCT03800836;0
NCT03801369;0
NCT03801850;0
NCT03802604;0
NCT03803761;0
NCT03804944;0
NCT03805399;0
NCT03808116;0
NCT03808337;0
NCT03808662;0
NCT03809988;9
NCT03810625;0
NCT03811262;0
NCT03811418;0
NCT03812393;0
NCT03816904;0
NCT03817814;0
NCT03818087;0
NCT03818100;0
NCT03820063;0
NCT03820830;0
NCT03821454;0
NCT03822312;0
NCT03824132;0
NCT03824145;0
NCT03827317;0
NCT03829306;0
NCT03829423;0
NCT03829436;0
NCT03829501;0
NCT03831178;0
NCT03832920;0
NCT03833726;0
NCT03834532;0
NCT03836872;0
NCT03837054;0
NCT03837496;0
NCT03838419;0
NCT03838549;0
NCT03840200;0
NCT03844685;0
NCT03845907;0
NCT03846167;0
NCT03847168;0
NCT03847311;0
NCT03849469;0
NCT03849573;0
NCT03850873;0
NCT03852953;0
NCT03853707;0
NCT03855358;0
NCT03856372;0
NCT03857932;0
NCT03858712;0
NCT03858738;1
NCT03859492;0
NCT03860740;0
NCT03861403;0
NCT03861975;0
NCT03862131;0
NCT03863301;0
NCT03863457;0
NCT03863522;0
NCT03865654;0
NCT03865992;0
NCT03866655;0
NCT03868514;0
NCT03868865;0
NCT03870659;0
NCT03870802;0
NCT03870919;0
NCT03872141;0
NCT03872388;0
NCT03872908;0
NCT03873519;0
NCT03875313;0
NCT03877146;0
NCT03878017;0
NCT03878342;0
NCT03878524;0
NCT03878823;0
NCT03880097;0
NCT03880799;0
NCT03881085;0
NCT03881605;0
NCT03881878;0
NCT03884413;0
NCT03885648;0
NCT03886389;0
NCT03887130;3
NCT03887598;0
NCT03889171;0
NCT03890744;0
NCT03891953;0
NCT03892096;0
NCT03893955;0
NCT03896958;0
NCT03898453;0
NCT03898947;0
NCT03900637;6
NCT03902977;0
NCT03903224;0
NCT03904173;0
NCT03905343;0
NCT03906331;0
NCT03907098;0
NCT03908528;0
NCT03908853;0
NCT03913936;0
NCT03914911;0
NCT03915548;0
NCT03915678;0
NCT03916744;0
NCT03917381;0
NCT03917498;0
NCT03918317;0
NCT03919253;2
NCT03919682;0
NCT03921866;1
NCT03923504;0
NCT03924466;0
NCT03925233;0
NCT03927027;0
NCT03927768;0
NCT03928210;0
NCT03930797;0
NCT03931551;0
NCT03931655;0
NCT03933982;3
NCT03934827;0
NCT03934905;0
NCT03935802;4
NCT03936478;0
NCT03936933;0
NCT03939156;0
NCT03939481;0
NCT03939871;0
NCT03939897;0
NCT03940092;1
NCT03940248;0
NCT03940625;0
NCT03941223;0
NCT03941730;0
NCT03941756;0
NCT03942575;0
NCT03944434;2
NCT03944499;0
NCT03945604;1
NCT03946423;0
NCT03946579;0
NCT03946683;0
NCT03947242;4
NCT03947736;4
NCT03948477;0
NCT03949270;0
NCT03949634;8
NCT03949946;0
NCT03952325;0
NCT03953326;0
NCT03953833;0
NCT03954197;0
NCT03954431;0
NCT03955627;0
NCT03956654;0
NCT03956875;0
NCT03958136;0
NCT03958721;1
NCT03958812;0
NCT03959267;0
NCT03959618;0
NCT03959709;0
NCT03959891;3
NCT03960463;0
NCT03961698;0
NCT03961880;0
NCT03963427;0
NCT03964532;0
NCT03966898;31
NCT03969121;0
NCT03969524;1
NCT03970967;0
NCT03971019;0
NCT03971409;0
NCT03972020;0
NCT03973034;0
NCT03974204;0
NCT03975179;0
NCT03975621;0
NCT03975855;0
NCT03978663;0
NCT03978754;0
NCT03978780;0
NCT03979339;0
NCT03979729;0
NCT03980054;0
NCT03980093;0
NCT03980626;0
NCT03981263;0
NCT03981705;0
NCT03981718;0
NCT03981731;0
NCT03982004;0
NCT03982173;0
NCT03983096;0
NCT03983395;0
NCT03983538;0
NCT03983577;0
NCT03983954;0
NCT03984695;0
NCT03985267;0
NCT03987555;0
NCT03988036;0
NCT03988595;0
NCT03988777;0
NCT03989089;0
NCT03989258;0
NCT03990012;0
NCT03991260;0
NCT03992131;0
NCT03992521;0
NCT03992664;0
NCT03992859;0
NCT03993964;0
NCT03995082;0
NCT03996265;0
NCT03997188;0
NCT03997539;0
NCT03997968;0
NCT03998618;0
NCT03999177;0
NCT04000880;0
NCT04001621;3
NCT04001725;0
NCT04002570;1
NCT04002986;0
NCT04003558;0
NCT04004559;0
NCT04004910;0
NCT04007549;0
NCT04007861;0
NCT04009278;0
NCT04012229;0
NCT04013568;1
NCT04014309;0
NCT04016376;0
NCT04016818;0
NCT04016935;0
NCT04019678;0
NCT04019834;0
NCT04020523;0
NCT04020575;0
NCT04021069;0
NCT04022616;0
NCT04023110;2
NCT04024254;0
NCT04024267;0
NCT04024280;0
NCT04024800;0
NCT04025112;0
NCT04025216;0
NCT04027400;0
NCT04028479;0
NCT04029467;0
NCT04030104;0
NCT04030507;0
NCT04030728;1
NCT04030845;0
NCT04033965;0
NCT04034953;0
NCT04035408;0
NCT04035447;0
NCT04036994;1
NCT04038489;1
NCT04038606;0
NCT04038619;0
NCT04039230;0
NCT04039893;0
NCT04040569;0
NCT04040686;0
NCT04041128;1
NCT04042051;1
NCT04042298;0
NCT04042701;0
NCT04044872;0
NCT04045392;0
NCT04045522;0
NCT04046315;6
NCT04047459;0
NCT04049214;0
NCT04050228;0
NCT04053322;1
NCT04054986;0
NCT04055493;0
NCT04055805;0
NCT04056676;0
NCT04058418;0
NCT04059809;0
NCT04059835;0
NCT04060134;0
NCT04060290;0
NCT04060342;0
NCT04061863;3
NCT04067960;0
NCT04068090;0
NCT04069884;0
NCT04072393;0
NCT04072653;0
NCT04072952;0
NCT04073680;0
NCT04073823;0
NCT04074720;0
NCT04075097;0
NCT04075305;0
NCT04076033;0
NCT04077827;0
NCT04079270;0
NCT04080024;0
NCT04081389;0
NCT04081805;0
NCT04082117;0
NCT04084600;0
NCT04084730;0
NCT04085510;0
NCT04086394;0
NCT04088435;0
NCT04088708;0
NCT04088877;0
NCT04088955;0
NCT04090398;0
NCT04090567;0
NCT04091542;0
NCT04091958;0
NCT04092647;0
NCT04092816;0
NCT04093609;0
NCT04094896;0
NCT04095689;0
NCT04097366;0
NCT04097756;0
NCT04098640;0
NCT04098783;2
NCT04098926;0
NCT04099277;0
NCT04100694;0
NCT04101656;1
NCT04101851;0
NCT04102436;0
NCT04102722;0
NCT04103853;1
NCT04104633;2
NCT04105582;0
NCT04106609;0
NCT04107142;0
NCT04107636;0
NCT04108117;0
NCT04109066;0
NCT04109079;0
NCT04109274;1
NCT04109326;0
NCT04109391;0
NCT04111510;0
NCT04112966;0
NCT04113096;0
NCT04116021;0
NCT04116281;0
NCT04116320;0
NCT04150484;0
NCT04151368;0
NCT04152057;0
NCT04152499;0
NCT04152590;0
NCT04156841;0
NCT04158193;5
NCT04158258;0
NCT04158505;0
NCT04158843;0
NCT04159142;3
NCT04159818;1
NCT04160182;0
NCT04161833;0
NCT04163159;6
NCT04163692;0
NCT04164251;0
NCT04164615;0
NCT04165512;0
NCT04165993;0
NCT04166253;0
NCT04167605;0
NCT04168528;0
NCT04170335;0
NCT04170595;0
NCT04170634;0
NCT04170920;0
NCT04172220;0
NCT04172350;0
NCT04172597;0
NCT04172753;0
NCT04173897;0
NCT04174248;0
NCT04174599;0
NCT04175210;0
NCT04175639;0
NCT04175821;0
NCT04176809;0
NCT04177056;0
NCT04177108;1
NCT04178460;0
NCT04179318;0
NCT04180371;0
NCT04180579;0
NCT04185311;0
NCT04185649;2
NCT04188548;0
NCT04190381;0
NCT04190992;0
NCT04192331;18
NCT04192903;0
NCT04193644;0
NCT04193722;0
NCT04197687;0
NCT04197999;0
NCT04199520;0
NCT04202328;0
NCT04202640;0
NCT04202848;0
NCT04205786;0
NCT04207359;0
NCT04208074;0
NCT04208178;0
NCT04210128;0
NCT04212702;0
NCT04213365;0
NCT04214210;0
NCT04215003;0
NCT04215146;0
NCT04215744;0
NCT04215861;0
NCT04216576;0
NCT04217109;0
NCT04219267;0
NCT04222413;0
NCT04222426;0
NCT04223492;0
NCT04225572;0
NCT04225741;0
NCT04225858;0
NCT04226222;0
NCT04228432;0
NCT04230109;0
NCT04232319;0
NCT04233385;0
NCT04234113;0
NCT04234386;0
NCT04235556;0
NCT04235946;0
NCT04237090;0
NCT04238377;0
NCT04239716;0
NCT04240106;9
NCT04240548;0
NCT04241341;0
NCT04242277;4
NCT04243837;0
NCT04244552;0
NCT04245150;0
NCT04245176;0
NCT04245657;0
NCT04246671;0
NCT04247126;0
NCT04247763;0
NCT04248179;0
NCT04248257;0
NCT04249167;0
NCT04249440;0
NCT04252768;5
NCT04253366;0
NCT04254107;0
NCT04254263;0
NCT04255225;0
NCT04257396;0
NCT04257474;0
NCT04257643;0
NCT04257799;4
NCT04258085;0
NCT04258163;0
NCT04258280;0
NCT04258735;0
NCT04259905;0
NCT04260802;0
NCT04261153;0
NCT04261179;6
NCT04261244;0
NCT04261829;0
NCT04262180;0
NCT04262219;0
NCT04262518;0
NCT04264468;0
NCT04265274;0
NCT04265547;0
NCT04265872;0
NCT04265937;0
NCT04266249;0
NCT04267315;0
NCT04267575;0
NCT04267900;0
NCT04268693;0
NCT04269967;1
NCT04270032;0
NCT04270123;0
NCT04270136;0
NCT04270149;0
NCT04272372;0
NCT04273061;0
NCT04273464;0
NCT04273542;0
NCT04273555;0
NCT04274933;0
NCT04275661;0
NCT04276272;0
NCT04276337;0
NCT04276493;0
NCT04277195;0
NCT04278469;0
NCT04280536;0
NCT04281355;0
NCT04281641;0
NCT04282044;0
NCT04288141;0
NCT04289532;0
NCT04289935;0
NCT04291378;0
NCT04291950;0
NCT04292847;0
NCT04293276;0
NCT04293796;0
NCT04293874;0
NCT04294225;1
NCT04296370;0
NCT04296942;0
NCT04297007;0
NCT04297384;0
NCT04297657;0
NCT04298086;0
NCT04300283;0
NCT04300478;0
NCT04302415;0
NCT04303221;0
NCT04303715;0
NCT04303988;0
NCT04304404;0
NCT04304924;0
NCT04305834;0
NCT04306003;0
NCT04307407;0
NCT04309929;0
NCT04315012;0
NCT04315233;0
NCT04316156;0
NCT04316169;0
NCT04317690;0
NCT04319510;0
NCT04319757;0
NCT04320030;0
NCT04320979;0
NCT04321135;0
NCT04328194;0
NCT04329065;0
NCT04330339;0
NCT04331067;0
NCT04331535;0
NCT04332549;0
NCT04332588;0
NCT04332653;0
NCT04334096;0
NCT04334239;0
NCT04334330;1
NCT04334785;0
NCT04335006;5
NCT04336917;0
NCT04337736;0
NCT04339517;0
NCT04341129;0
NCT04342546;0
NCT04343079;0
NCT04343807;0
NCT04344496;0
NCT04345081;0
NCT04345913;1
NCT04348123;0
NCT04348643;0
NCT04348747;0
NCT04348916;0
NCT04349527;0
NCT04350229;0
NCT04350398;0
NCT04350411;0
NCT04350957;0
NCT04351230;0
NCT04354064;0
NCT04354675;0
NCT04355858;0
NCT04356235;0
NCT04359420;0
NCT04360330;0
NCT04360941;0
NCT04362826;0
NCT04363892;0
NCT04364672;0
NCT04365569;0
NCT04365803;0
NCT04366713;0
NCT04367467;1
NCT04368442;0
NCT04368702;0
NCT04371913;0
NCT04372459;0
NCT04372862;0
NCT04373031;0
NCT04374747;0
NCT04374825;0
NCT04378751;0
NCT04379414;0
NCT04379570;0
NCT04382352;0
NCT04383210;0
NCT04387630;0
NCT04389073;0
NCT04389216;0
NCT04389424;0
NCT04391296;0
NCT04391543;0
NCT04394325;0
NCT04395339;0
NCT04395508;4
NCT04395989;0
NCT04397029;0
NCT04397185;0
NCT04397419;0
NCT04398108;0
NCT04400695;0
NCT04401189;0
NCT04402606;0
NCT04403529;0
NCT04406779;0
NCT04408118;1
NCT04408560;0
NCT04410224;0
NCT04411966;0
NCT04413409;0
NCT04414033;0
NCT04414202;0
NCT04418089;0
NCT04418219;0
NCT04418856;0
NCT04419077;0
NCT04420598;0
NCT04424641;0
NCT04424758;0
NCT04425018;6
NCT04426136;0
NCT04426435;0
NCT04427215;0
NCT04427293;0
NCT04429269;0
NCT04430595;0
NCT04430842;0
NCT04431674;0
NCT04432454;0
NCT04432857;0
NCT04433494;10
NCT04434040;0
NCT04434404;0
NCT04435028;0
NCT04435964;0
NCT04436393;1
NCT04438564;0
NCT04440683;0
NCT04440943;0
NCT04440982;1
NCT04441099;0
NCT04442035;0
NCT04442126;0
NCT04443348;21
NCT04445844;0
NCT04446494;0
NCT04446624;0
NCT04448886;0
NCT04449809;0
NCT04450264;0
NCT04450706;0
NCT04450732;0
NCT04452370;0
NCT04454437;0
NCT04454528;0
NCT04456855;0
NCT04456920;0
NCT04457596;0
NCT04457700;1
NCT04458532;0
NCT04460430;0
NCT04461808;0
NCT04461990;0
NCT04464967;0
NCT04465097;9
NCT04467411;0
NCT04468061;1
NCT04468113;0
NCT04468867;1
NCT04469127;0
NCT04469205;0
NCT04469296;0
NCT04472845;0
NCT04473040;0
NCT04473378;0
NCT04474652;0
NCT04474834;0
NCT04474951;0
NCT04476485;0
NCT04476641;0
NCT04476654;0
NCT04478279;0
NCT04478669;0
NCT04478851;0
NCT04480203;0
NCT04480229;0
NCT04480437;0
NCT04480619;0
NCT04480814;0
NCT04481113;0
NCT04481230;0
NCT04481763;0
NCT04481802;0
NCT04481932;0
NCT04482244;0
NCT04483505;4
NCT04483804;0
NCT04487236;0
NCT04487561;0
NCT04487912;0
NCT04488614;0
NCT04491591;0
NCT04491942;0
NCT04493333;0
NCT04493892;0
NCT04494425;0
NCT04494958;0
NCT04495244;4
NCT04495309;0
NCT04497285;0
NCT04498481;2
NCT04498520;0
NCT04499118;0
NCT04499950;0
NCT04501419;0
NCT04501523;0
NCT04503265;0
NCT04504331;4
NCT04504747;0
NCT04504916;0
NCT04505826;0
NCT04506476;0
NCT04507568;0
NCT04507789;0
NCT04509284;0
NCT04509596;0
NCT04510129;0
NCT04510532;0
NCT04511832;0
NCT04511871;0
NCT04514484;0
NCT04515888;0
NCT04516330;0
NCT04517266;0
NCT04517305;0
NCT04517318;1
NCT04517370;0
NCT04517838;0
NCT04518085;0
NCT04520269;0
NCT04520386;0
NCT04521764;0
NCT04522648;0
NCT04523857;0
NCT04526561;0
NCT04526587;0
NCT04527510;0
NCT04529044;0
NCT04530890;0
NCT04531696;0
NCT04533373;0
NCT04534010;0
NCT04534309;0
NCT04535895;0
NCT04536584;0
NCT04537312;1
NCT04538742;0
NCT04539496;0
NCT04540224;0
NCT04540471;0
NCT04540692;15
NCT04541225;0
NCT04541290;0
NCT04541381;0
NCT04541433;0
NCT04542135;2
NCT04543175;0
NCT04543851;0
NCT04546009;5
NCT04547465;0
NCT04547907;11
NCT04549558;0
NCT04550494;0
NCT04551105;0
NCT04551495;0
NCT04553133;0
NCT04553770;0
NCT04554056;0
NCT04554927;0
NCT04555057;0
NCT04555902;0
NCT04556292;0
NCT04556773;0
NCT04559854;0
NCT04560439;0
NCT04561297;0
NCT04562233;0
NCT04562987;0
NCT04563013;0
NCT04565054;0
NCT04568161;0
NCT04568941;0
NCT04569747;0
NCT04569955;0
NCT04570722;0
NCT04573231;0
NCT04574063;0
NCT04574323;0
NCT04576247;0
NCT04576455;7
NCT04577963;0
NCT04578106;0
NCT04579029;0
NCT04580251;0
NCT04580485;0
NCT04580784;0
NCT04582565;0
NCT04582955;0
NCT04582968;7
NCT04584255;0
NCT04584775;0
NCT04585724;0
NCT04586517;0
NCT04586686;0
NCT04586751;0
NCT04588246;0
NCT04588298;0
NCT04588545;0
NCT04588935;0
NCT04590560;0
NCT04591431;0
NCT04595435;0
NCT04595565;0
NCT04596150;0
NCT04596683;0
NCT04597580;0
NCT04600869;0
NCT04601116;0
NCT04601272;0
NCT04602117;0
NCT04603820;0
NCT04604158;0
NCT04604561;0
NCT04605575;0
NCT04606446;0
NCT04606550;0
NCT04607473;0
NCT04608357;0
NCT04609215;0
NCT04610528;0
NCT04611308;0
NCT04612439;0
NCT04613674;0
NCT04616248;0
NCT04616729;0
NCT04618120;0
NCT04619030;0
NCT04619485;0
NCT04621721;0
NCT04621942;0
NCT04622319;5
NCT04622696;0
NCT04623554;0
NCT04624711;0
NCT04625023;0
NCT04625517;0
NCT04625621;3
NCT04626440;0
NCT04626895;0
NCT04628806;0
NCT04629846;1
NCT04630327;0
NCT04631835;0
NCT04636710;0
NCT04638712;0
NCT04638725;0
NCT04638751;0
NCT04639245;0
NCT04639271;0
NCT04639609;0
NCT04639934;0
NCT04640454;0
NCT04640480;0
NCT04641377;0
NCT04642508;0
NCT04644068;0
NCT04644406;0
NCT04645849;0
NCT04646564;0
NCT04646759;33
NCT04647487;0
NCT04647916;0
NCT04648904;0
NCT04650451;0
NCT04651452;0
NCT04653740;0
NCT04655183;0
NCT04656353;0
NCT04656457;0
NCT04657679;0
NCT04659499;18
NCT04659551;1
NCT04659564;0
NCT04659603;0
NCT04659980;0
NCT04660188;0
NCT04660435;0
NCT04660929;0
NCT04661436;0
NCT04661982;0
NCT04665882;0
NCT04665986;2
NCT04666805;3
NCT04667481;0
NCT04669119;0
NCT04669587;0
NCT04670445;0
NCT04671329;0
NCT04671511;0
NCT04672460;0
NCT04673448;0
NCT04674306;0
NCT04674722;0
NCT04676516;0
NCT04677816;0
NCT04678414;0
NCT04679207;0
NCT04679454;0
NCT04680442;0
NCT04681287;0
NCT04681768;0
NCT04681911;9
NCT04682431;0
NCT04683120;0
NCT04683445;0
NCT04683757;0
NCT02113553;0
NCT02115282;0
NCT02115594;18
NCT02115607;0
NCT02115984;0
NCT02117011;1
NCT02118636;0
NCT02119481;0
NCT02120417;6
NCT02120469;0
NCT02121873;2
NCT02122107;0
NCT02122796;0
NCT02124148;0
NCT02125006;0
NCT02125019;0
NCT02125630;0
NCT02126449;0
NCT02129049;0
NCT02129205;0
NCT02129686;0
NCT02132390;0
NCT02133677;0
NCT02135159;0
NCT02136927;0
NCT02137252;0
NCT02141373;0
NCT02142907;0
NCT02142959;0
NCT02144194;1
NCT02144961;0
NCT02148575;0
NCT02150525;0
NCT02152462;0
NCT02152943;0
NCT02153905;0
NCT02154529;0
NCT02156258;0
NCT02157051;0
NCT02158507;0
NCT02159157;0
NCT02161679;0
NCT02161900;0
NCT02162329;0
NCT02165605;0
NCT02165696;0
NCT02166281;0
NCT02166658;0
NCT02166983;0
NCT02167854;2
NCT02167932;0
NCT02168179;0
NCT02168452;0
NCT02173262;0
NCT02175446;0
NCT02176083;0
NCT02178722;0
NCT02179515;0
NCT02181166;0
NCT02185352;0
NCT02185859;0
NCT02186470;0
NCT02187289;0
NCT02187744;0
NCT02187991;0
NCT02188693;0
NCT02190227;0
NCT02190539;0
NCT02195076;0
NCT02198690;0
NCT02199366;0
NCT02200705;0
NCT02202252;0
NCT02202746;0
NCT02203513;9
NCT02203552;0
NCT02203565;0
NCT02204098;0
NCT02204462;0
NCT02205736;0
NCT02206334;0
NCT02207179;0
NCT02208375;0
NCT02210364;0
NCT02210546;0
NCT02213991;0
NCT02216136;0
NCT02216162;0
NCT02216786;7
NCT02217033;0
NCT02217891;0
NCT02221999;0
NCT02222259;0
NCT02222337;0
NCT02223052;0
NCT02224807;0
NCT02225470;0
NCT02226276;0
NCT02230319;0
NCT02231112;0
NCT02234466;0
NCT02234479;0
NCT02235051;0
NCT02236000;0
NCT02236572;0
NCT02236806;0
NCT02237469;0
NCT02239601;0
NCT02240472;0
NCT02240836;0
NCT02244593;0
NCT02248090;0
NCT02248571;0
NCT02249208;0
NCT02250118;0
NCT02250352;0
NCT02251353;0
NCT02252991;1
NCT02255240;0
NCT02256670;0
NCT02257775;0
NCT02259114;0
NCT02260661;5
NCT02261389;0
NCT02263651;0
NCT02263846;0
NCT02266173;1
NCT02266420;0
NCT02266602;0
NCT02268643;0
NCT02269033;0
NCT02269670;0
NCT02269696;0
NCT02269813;0
NCT02270580;0
NCT02272335;0
NCT02272400;0
NCT02273206;0
NCT02273752;0
NCT02274623;0
NCT02275754;0
NCT02275871;4
NCT02276300;0
NCT02276885;0
NCT02279303;0
NCT02280252;20
NCT02284919;0
NCT02286583;0
NCT02286843;0
NCT02287675;0
NCT02290782;0
NCT02290834;0
NCT02292407;0
NCT02293954;0
NCT02294565;0
NCT02295033;0
NCT02295059;0
NCT02296177;0
NCT02296801;30
NCT02297672;0
NCT02299999;0
NCT02300675;0
NCT02304614;0
NCT02304640;0
NCT02305641;0
NCT02306265;0
NCT02307240;0
NCT02308020;0
NCT02308085;0
NCT02310464;0
NCT02310698;0
NCT02310711;0
NCT02311543;0
NCT02311959;0
NCT02312622;0
NCT02312700;0
NCT02312934;0
NCT02313051;5
NCT02313116;0
NCT02314156;0
NCT02314806;0
NCT02315196;0
NCT02315365;13
NCT02316457;0
NCT02316509;0
NCT02317783;0
NCT02318901;0
NCT02321358;0
NCT02321527;0
NCT02322814;6
NCT02324101;0
NCT02324530;0
NCT02324894;0
NCT02326974;0
NCT02328313;0
NCT02331212;0
NCT02331251;0
NCT02332928;0
NCT02333890;0
NCT02335671;0
NCT02336529;0
NCT02336737;0
NCT02336750;0
NCT02336984;0
NCT02337582;0
NCT02338115;0
NCT02338167;0
NCT02338531;0
NCT02339779;0
NCT02340858;0
NCT02341235;0
NCT02344472;1
NCT02345772;0
NCT02348320;0
NCT02348684;0
NCT02349217;0
NCT02349581;0
NCT02349724;0
NCT02352025;0
NCT02358200;0
NCT02360059;0
NCT02362230;0
NCT02362776;0
NCT02364557;0
NCT02364726;0
NCT02364960;0
NCT02365662;0
NCT02365714;6
NCT02365831;6
NCT02366130;0
NCT02366793;0
NCT02368691;0
NCT02370264;0
NCT02370277;1
NCT02370797;0
NCT02371174;0
NCT02375958;0
NCT02376985;0
NCT02379988;0
NCT02380209;0
NCT02383576;0
NCT02384746;15
NCT02387099;0
NCT02389764;0
NCT02389842;0
NCT02391480;0
NCT02391727;0
NCT02393248;0
NCT02393287;6
NCT02393794;0
NCT02393833;0
NCT02395614;0
NCT02398773;0
NCT02400476;0
NCT02400658;0
NCT02401685;0
NCT02402764;0
NCT02403271;0
NCT02403973;0
NCT02404441;0
NCT02406599;0
NCT02407613;0
NCT02408133;0
NCT02408770;0
NCT02409316;0
NCT02411344;0
NCT02411617;0
NCT02414269;0
NCT02415387;0
NCT02415725;0
NCT02416336;0
NCT02418481;0
NCT02418689;0
NCT02419807;0
NCT02421978;0
NCT02422498;0
NCT02422641;0
NCT02423902;0
NCT02424292;0
NCT02424682;0
NCT02426489;4
NCT02427581;0
NCT02429544;0
NCT02430103;0
NCT02431676;0
NCT02432950;0
NCT02433067;0
NCT02434367;0
NCT02438358;0
NCT02438449;6
NCT02441933;0
NCT02441946;4
NCT02443467;1
NCT02444390;0
NCT02445391;0
NCT02447211;0
NCT02448420;0
NCT02448576;1
NCT02448771;0
NCT02449954;0
NCT02451735;0
NCT02453620;0
NCT02453737;0
NCT02454777;0
NCT02455154;1
NCT02455453;0
NCT02455791;0
NCT02456649;0
NCT02457039;0
NCT02457117;0
NCT02457650;0
NCT02457910;0
NCT02461056;0
NCT02462200;0
NCT02462226;0
NCT02463032;0
NCT02463383;0
NCT02464774;0
NCT02464982;0
NCT02465892;0
NCT02466737;0
NCT02468050;0
NCT02468739;0
NCT02470819;0
NCT02471742;0
NCT02473003;0
NCT02473042;0
NCT02473120;0
NCT02474186;0
NCT02476539;0
NCT02479100;0
NCT02479217;1
NCT02479607;0
NCT02479997;0
NCT02480218;1
NCT02480933;0
NCT02481050;4
NCT02482389;0
NCT02482506;0
NCT02483767;0
NCT02483923;0
NCT02484131;0
NCT02485678;0
NCT02487524;0
NCT02488187;0
NCT02491697;0
NCT02492711;0
NCT02493569;0
NCT02494206;0
NCT02494869;0
NCT02495155;0
NCT02498613;0
NCT02502864;3
NCT02504424;0
NCT02505906;0
NCT02506361;0
NCT02506556;1
NCT02506777;8
NCT02506790;0
NCT02507960;0
NCT02509871;0
NCT02510456;0
NCT02511847;1
NCT02512835;0
NCT02513394;0
NCT02514486;0
NCT02514837;0
NCT02515110;0
NCT02517086;0
NCT02517554;0
NCT02517593;0
NCT02521363;0
NCT02523417;0
NCT02523612;0
NCT02524548;0
NCT02524951;1
NCT02525159;0
NCT02525211;0
NCT02525913;0
NCT02526719;0
NCT02527434;0
NCT02527746;0
NCT02527889;0
NCT02528383;0
NCT02528747;0
NCT02529280;0
NCT02530177;0
NCT02531425;0
NCT02532400;0
NCT02535221;0
NCT02536339;5
NCT02536625;0
NCT02536794;0
NCT02538432;0
NCT02538471;0
NCT02539615;0
NCT02541188;0
NCT02541370;0
NCT02543645;0
NCT02544945;0
NCT02547961;0
NCT02547987;2
NCT02550210;0
NCT02553850;0
NCT02553967;0
NCT02555657;4
NCT02555696;3
NCT02556632;0
NCT02557776;0
NCT02560311;0
NCT02560662;0
NCT02560818;8
NCT02561832;0
NCT02562612;0
NCT02563925;0
NCT02566109;0
NCT02566408;0
NCT02567669;0
NCT02568267;0
NCT02568839;0
NCT02569294;0
NCT02570100;0
NCT02574507;0
NCT02574546;1
NCT02576665;0
NCT02577627;0
NCT02580396;0
NCT02580448;0
NCT02580747;0
NCT02581670;0
NCT02581839;0
NCT02581956;0
NCT02582801;0
NCT02583204;0
NCT02583542;0
NCT02583568;0
NCT02583815;0
NCT02585362;0
NCT02586675;31
NCT02586987;0
NCT02587663;0
NCT02590315;0
NCT02590458;0
NCT02591316;0
NCT02592070;0
NCT02593175;0
NCT02593227;1
NCT02593435;0
NCT02593890;0
NCT02595320;0
NCT02595905;0
NCT02596724;0
NCT02596867;0
NCT02597452;0
NCT02597868;5
NCT02598557;0
NCT02599194;0
NCT02599974;1
NCT02600299;0
NCT02601794;0
NCT02602041;0
NCT02603211;0
NCT02603341;0
NCT02604030;0
NCT02605486;0
NCT02606708;0
NCT02607215;0
NCT02608216;0
NCT02608281;0
NCT02609321;0
NCT02609373;0
NCT02611544;0
NCT02611557;0
NCT02786797;0
NCT02786875;0
NCT02787993;0
NCT02789332;3
NCT02789657;0
NCT02791334;0
NCT02791581;0
NCT02792114;0
NCT02793921;0
NCT02794064;0
NCT02794324;0
NCT02795572;0
NCT02796365;0
NCT02798341;0
NCT02798484;0
NCT02798562;0
NCT02802098;0
NCT02802423;0
NCT02802553;0
NCT02802748;3
NCT02802826;0
NCT02803593;0
NCT02804308;0
NCT02804815;0
NCT02805153;0
NCT02806258;0
NCT02806518;0
NCT02806817;0
NCT02807597;0
NCT02807844;0
NCT02808598;0
NCT02809846;1
NCT02810093;0
NCT02810743;0
NCT02811497;0
NCT02812589;0
NCT02813317;6
NCT02815852;0
NCT02816112;0
NCT02819362;0
NCT02819518;2
NCT02821442;0
NCT02821676;0
NCT02821793;0
NCT02822196;0
NCT02823262;0
NCT02824575;0
NCT02826369;0
NCT02826434;0
NCT02827877;0
NCT02828189;0
NCT02829008;0
NCT02829021;0
NCT02830685;0
NCT02830724;0
NCT02831426;0
NCT02831439;0
NCT02831530;0
NCT02834403;0
NCT02835781;0
NCT02836093;0
NCT02838823;0
NCT02839473;0
NCT02839668;0
NCT02840344;0
NCT02840864;0
NCT02840890;0
NCT02841722;0
NCT02842099;0
NCT02842658;0
NCT02843126;0
NCT02844335;0
NCT02844504;0
NCT02844608;0
NCT02848989;0
NCT02849496;0
NCT02850419;0
NCT02850939;0
NCT02853071;0
NCT02853227;0
NCT02854618;0
NCT02855775;0
NCT02858934;0
NCT02859168;0
NCT02861742;0
NCT02861859;0
NCT02863900;0
NCT02864030;0
NCT02865239;0
NCT02865265;0
NCT02865304;0
NCT02866591;0
NCT02867423;0
NCT02867475;0
NCT02867644;0
NCT02869230;0
NCT02869607;0
NCT02871115;0
NCT02871167;0
NCT02871388;0
NCT02871791;6
NCT02872363;0
NCT02874222;3
NCT02875626;0
NCT02875951;0
NCT02876497;0
NCT02876640;0
NCT02878057;0
NCT02881203;0
NCT02882581;0
NCT02883062;0
NCT02883361;0
NCT02883387;0
NCT02883985;0
NCT02884284;0
NCT02886897;0
NCT02887937;0
NCT02890069;0
NCT02890082;0
NCT02890095;0
NCT02890316;0
NCT02891681;0
NCT02891759;0
NCT02892734;0
NCT02893527;0
NCT02895178;0
NCT02896322;0
NCT02896504;0
NCT02897375;0
NCT02897544;0
NCT02897635;0
NCT02897934;0
NCT02900326;0
NCT02900664;0
NCT02901223;0
NCT02906943;0
NCT02907021;0
NCT02907918;0
NCT02909751;0
NCT02910050;21
NCT02910219;0
NCT02910986;0
NCT02911155;0
NCT02911649;0
NCT02912312;0
NCT02913729;0
NCT02914470;0
NCT02915445;0
NCT02915744;0
NCT02921152;0
NCT02921191;0
NCT02923635;0
NCT02924584;0
NCT02926690;0
NCT02926729;0
NCT02927912;0
NCT02929576;1
NCT02931864;0
NCT02934126;0
NCT02934815;0
NCT02934828;0
NCT02934880;0
NCT02935920;0
NCT02936102;0
NCT02936947;0
NCT02938390;0
NCT02938780;0
NCT02939040;0
NCT02939274;0
NCT02940470;0
NCT02941536;0
NCT02941614;0
NCT02941835;0
NCT02944344;0
NCT02944721;0
NCT02945579;0
NCT02946619;0
NCT02946697;0
NCT02947061;2
NCT02947165;0
NCT02948478;0
NCT02949167;0
NCT02950207;2
NCT02950259;0
NCT02950480;0
NCT02952729;0
NCT02955940;0
NCT02956473;0
NCT02957968;0
NCT02958033;0
NCT02960594;0
NCT02963363;0
NCT02965755;1
NCT02965950;2
NCT02969291;0
NCT02970500;0
NCT02970786;0
NCT02971748;0
NCT02971761;0
NCT02973737;2
NCT02978586;1
NCT02980341;0
NCT02980848;0
NCT02981303;0
NCT02982148;0
NCT02982421;0
NCT02983045;0
NCT02983071;0
NCT02984683;0
NCT02985073;0
NCT02985658;0
NCT02986360;0
NCT02988648;0
NCT02992730;5
NCT02993094;0
NCT02994914;0
NCT02995772;20
NCT02995980;0
NCT02997995;0
NCT02999074;0
NCT03000036;0
NCT03000192;0
NCT03000920;0
NCT03004183;0
NCT03004534;0
NCT03005860;0
NCT03006172;4
NCT03006614;0
NCT03007381;0
NCT03007641;0
NCT03007979;0
NCT03012100;0
NCT03012230;0
NCT03012399;0
NCT03012477;0
NCT03017560;0
NCT03017573;0
NCT03018080;1
NCT03022162;0
NCT03025139;3
NCT03025880;9
NCT03027063;0
NCT03027245;0
NCT03029182;0
NCT03029286;0
NCT03032614;0
NCT03033030;2
NCT03033186;0
NCT03036475;0
NCT03036943;0
NCT03037723;0
NCT03038152;0
NCT03039348;0
NCT03041545;0
NCT03043794;0
NCT03044730;0
NCT03045289;0
NCT03045393;0
NCT03046004;0
NCT03046238;1
NCT03047889;0
NCT03048942;18
NCT03050463;3
NCT03051503;0
NCT03051659;0
NCT03051828;6
NCT03052634;0
NCT03052907;0
NCT03053193;0
NCT03054025;0
NCT03055312;0
NCT03057600;0
NCT03057743;0
NCT03058289;0
NCT03059875;0
NCT03060941;0
NCT03061175;1
NCT03061773;0
NCT03062007;0
NCT03062072;0
NCT03062878;0
NCT03065010;0
NCT03065478;0
NCT03065621;0
NCT03065712;1
NCT03066856;0
NCT03067935;0
NCT03069261;0
NCT03070002;0
NCT03070236;0
NCT03072316;0
NCT03072966;0
NCT03072992;0
NCT03073473;0
NCT03075995;0
NCT03076190;0
NCT03076372;0
NCT03077191;0
NCT03078036;0
NCT03079219;0
NCT03080155;0
NCT03080428;0
NCT03080623;4
NCT03080805;2
NCT03082456;0
NCT03083288;0
NCT03083314;0
NCT03084536;0
NCT03084939;3
NCT03085368;0
NCT03089502;0
NCT03091647;0
NCT03091842;0
NCT03092635;0
NCT03093350;0
NCT03094052;0
NCT03095352;0
NCT03096041;0
NCT03096054;0
NCT03097653;0
NCT03100981;0
NCT03101683;0
NCT03101748;0
NCT03102307;0
NCT03102866;0
NCT03104153;0
NCT03105076;0
NCT03106077;0
NCT03106233;0
NCT03106415;0
NCT03107234;0
NCT03109249;0
NCT03111615;0
NCT03112590;0
NCT03112668;0
NCT03113019;0
NCT03113825;0
NCT03115658;0
NCT03116035;0
NCT03116048;0
NCT03118882;0
NCT03121989;0
NCT03122444;0
NCT03123211;0
NCT03125200;0
NCT03125941;0
NCT03126487;0
NCT03127332;0
NCT03127995;0
NCT03128619;0
NCT03129139;0
NCT03130439;0
NCT03131011;0
NCT03131024;0
NCT03131440;0
NCT03132467;0
NCT03132506;0
NCT03133988;0
NCT03134638;0
NCT03135951;0
NCT03136367;0
NCT03137095;0
NCT03137693;0
NCT03139435;0
NCT03139851;0
NCT03143322;0
NCT03143894;0
NCT03145727;0
NCT03147040;0
NCT03147430;0
NCT03149081;0
NCT03149549;0
NCT03151447;0
NCT03152929;0
NCT03154190;0
NCT03154281;1
NCT03155802;5
NCT03155997;0
NCT03158441;0
NCT03158519;0
NCT03159585;0
NCT03159598;0
NCT03161600;0
NCT03162133;0
NCT03162289;0
NCT03163316;0
NCT03164993;2
NCT03165006;0
NCT03165149;0
NCT03165487;0
NCT03166085;0
NCT03167619;0
NCT03168048;0
NCT03168074;0
NCT03170648;0
NCT03170960;0
NCT03173469;0
NCT03175341;0
NCT03176888;0
NCT03177902;0
NCT03179904;0
NCT03180086;0
NCT03181139;0
NCT03182634;1
NCT03183050;0
NCT03183206;0
NCT03184090;0
NCT03184558;0
NCT03185169;0
NCT03186599;0
NCT03186937;0
NCT03188393;0
NCT03190083;0
NCT03190720;2
NCT03190967;0
NCT03194997;0
NCT03195192;1
NCT03195322;0
NCT03195699;0
NCT03196635;0
NCT03197389;0
NCT03197805;0
NCT03198286;0
NCT03199040;0
NCT03199560;0
NCT03199586;0
NCT03199885;0
NCT03200639;0
NCT03200704;0
NCT03201913;0
NCT03202446;0
NCT03203252;0
NCT03203616;1
NCT03205176;0
NCT03205969;0
NCT03206203;0
NCT03206333;0
NCT03207529;0
NCT03207594;0
NCT03207867;0
NCT03209167;0
NCT03210220;0
NCT03210311;1
NCT03210441;0
NCT03210974;0
NCT03211442;0
NCT03212079;0
NCT03212170;0
NCT03213041;0
NCT03218826;0
NCT03219268;0
NCT03222258;0
NCT03222856;0
NCT03226782;0
NCT03227328;0
NCT03229824;0
NCT03232541;0
NCT03233334;0
NCT03233555;0
NCT03235427;0
NCT03236974;30
NCT03237572;0
NCT03238053;0
NCT03238144;0
NCT03238703;0
NCT03240224;0
NCT03240510;1
NCT03241810;0
NCT03243331;0
NCT03243435;0
NCT03243786;0
NCT03243838;0
NCT03243877;1
NCT03244358;0
NCT03245112;0
NCT03245788;0
NCT03248492;0
NCT03249389;0
NCT03250260;0
NCT03250351;0
NCT03250676;0
NCT03251313;0
NCT03251378;0
NCT03252717;0
NCT03252912;0
NCT03253627;0
NCT03254875;0
NCT03255486;0
NCT03255577;0
NCT03256344;0
NCT03257917;0
NCT03261323;0
NCT03262428;0
NCT03262831;0
NCT03262935;0
NCT03265379;0
NCT03265574;0
NCT03266185;0
NCT03266744;0
NCT03266809;0
NCT03267316;0
NCT03270072;0
NCT03271476;0
NCT03272334;0
NCT03276845;0
NCT03279198;2
NCT03280134;0
NCT03280303;0
NCT03281720;0
NCT03281824;0
NCT03281902;0
NCT03281954;0
NCT03282825;2
NCT03283553;0
NCT03284346;0
NCT03284957;0
NCT03285230;0
NCT03285568;0
NCT03286257;0
NCT03286842;0
NCT03288792;0
NCT04116827;0
NCT04117815;0
NCT04118062;0
NCT04118192;0
NCT04122131;0
NCT04122469;0
NCT04123704;0
NCT04125277;0
NCT04125953;0
NCT04126525;0
NCT04129216;11
NCT04129346;0
NCT04130750;0
NCT04131231;0
NCT04133077;0
NCT04133207;1
NCT04134884;0
NCT04136496;0
NCT04136912;0
NCT04137575;0
NCT04137744;0
NCT04138342;0
NCT04140526;0
NCT04141449;0
NCT04141943;0
NCT04142060;0
NCT04142476;0
NCT04142554;0
NCT04142892;0
NCT04142931;0
NCT04143282;0
NCT04145323;0
NCT04145388;0
NCT04147767;0
NCT04148586;0
NCT04149444;0
NCT04149522;0
NCT04150042;0
NCT04685551;0
NCT04687956;0
NCT04688086;0
NCT04688762;0
NCT04689529;0
NCT04689945;0
NCT04691375;0
NCT04691999;0
NCT04692831;0
NCT04693338;0
NCT04694885;0
NCT04697043;0
NCT04698252;0
NCT04703244;0
NCT04703920;0
NCT04704661;0
NCT04704856;0
NCT04705025;0
NCT04705883;0
NCT04706962;0
NCT04708093;0
NCT04708860;0
NCT04711109;0
NCT04711824;0
NCT04712396;0
NCT04713917;0
NCT04714463;0
NCT04714983;0
NCT04715958;0
NCT04716764;0
NCT04717050;0
NCT04718324;0
NCT04719455;0
NCT04720209;0
NCT04720508;0
NCT04720664;0
NCT04720729;0
NCT04722692;0
NCT04722978;0
NCT04724356;0
NCT04724499;0
NCT04725331;0
NCT04726332;0
NCT04726878;0
NCT04727632;0
NCT04728035;0
NCT04729647;0
NCT04732455;0
NCT04733118;2
NCT04733417;0
NCT04734262;0
NCT04736186;0
NCT04736576;0
NCT04736589;2
NCT04739670;1
NCT04739696;0
NCT04740697;11
NCT04741204;0
NCT04741503;0
NCT04742153;0
NCT04744506;0
NCT04745117;0
NCT04746638;0
NCT04750382;6
NCT04750473;0
NCT04752150;0
NCT04752267;0
NCT04754399;0
NCT04755829;0
NCT04756505;0
NCT04756921;0
NCT04758416;0
NCT04758780;0
NCT04760431;0
NCT04762979;2
NCT04763915;0
NCT04764084;0
NCT04764292;0
NCT04765124;0
NCT04766190;0
NCT04766489;5
NCT04767464;0
NCT04767659;0
NCT04769050;0
NCT04769960;0
NCT04770272;3
NCT04771520;0
NCT04771975;0
NCT04772118;0
NCT04774471;0
NCT04774497;0
NCT04775043;0
NCT04775290;0
NCT04778202;0
NCT04779450;0
NCT04781062;0
NCT04781712;0
NCT04781725;0
NCT04781959;0
NCT04784182;0
NCT04784715;1
NCT04785599;0
NCT04787029;2
NCT04787042;0
NCT04789187;0
NCT04789668;0
NCT04790305;0
NCT04792346;0
NCT04792840;29
NCT04795349;0
NCT04795778;0
NCT04796324;0
NCT04796363;0
NCT04797728;0
NCT04798976;0
NCT04799080;0
NCT04800393;1
NCT04802759;0
NCT04802876;0
NCT04803084;0
NCT04803305;0
NCT04805736;0
NCT04806724;0
NCT04807192;0
NCT04807595;1
NCT04808362;0
NCT04808674;0
NCT04808765;0
NCT04809844;0
NCT04813965;0
NCT04815083;0
NCT04815291;0
NCT04816006;0
NCT04817501;0
NCT04817540;0
NCT04817566;0
NCT04818125;0
NCT04818359;0
NCT04818632;0
NCT04818931;0
NCT04818996;0
NCT04819243;0
NCT04821570;5
NCT04821609;1
NCT04822597;0
NCT04824014;0
NCT04824027;0
NCT04824183;0
NCT04824378;0
NCT04824833;0
NCT04826211;0
NCT04826367;0
NCT04827446;0
NCT04828044;0
NCT04829643;0
NCT04829890;0
NCT04832386;0
NCT04832594;0
NCT04834154;0
NCT04834570;6
NCT04834778;0
NCT04836156;0
NCT04836520;0
NCT04837248;0
NCT04837677;0
NCT04837820;0
NCT04838756;0
NCT04839835;0
NCT04841148;0
NCT04841252;0
NCT04841928;0
NCT04842240;0
NCT04842409;0
NCT04842812;0
NCT04843358;0
NCT04845256;0
NCT04846972;0
NCT04848454;0
NCT04849364;0
NCT04849871;0
NCT04850625;0
NCT04852926;0
NCT04854005;0
NCT04856475;0
NCT04857697;0
NCT04858282;0
NCT04862078;0
NCT04862195;0
NCT04862429;0
NCT04862585;0
NCT04863443;0
NCT04863833;0
NCT04864405;0
NCT04865549;0
NCT04866992;0
NCT04868812;0
NCT04869943;0
NCT04871854;0
NCT04872738;1
NCT04874038;0
NCT04874935;0
NCT04875351;0
NCT04875559;0
NCT04875806;0
NCT04876560;0
NCT04877860;0
NCT04877912;0
NCT04878666;0
NCT04879264;0
NCT04879563;0
NCT04879680;0
NCT04879888;0
NCT04879927;0
NCT04880369;0
NCT04881331;0
NCT04882306;0
NCT04882371;0
NCT04883398;0
NCT04883814;0
NCT04886531;6
NCT04888351;0
NCT04888975;1
NCT04889495;0
NCT04889924;0
NCT04890184;0
NCT04890197;0
NCT04890327;0
NCT04891068;0
NCT04891731;0
NCT04892693;2
NCT04894565;0
NCT04894955;0
NCT04895397;0
NCT04896242;0
NCT04896320;0
NCT04896580;0
NCT04899128;0
NCT04899349;0
NCT04899492;0
NCT04899713;0
NCT04899908;0
NCT04901299;0
NCT04902872;0
NCT04903249;0
NCT04903652;0
NCT04903990;0
NCT04904653;0
NCT04905329;0
NCT04906070;0
NCT04906330;0
NCT04906369;0
NCT04908254;2
NCT04909125;0
NCT04911699;0
NCT04913337;1
NCT04913532;0
NCT04913571;0
NCT04914390;0
NCT04914663;0
NCT04914780;0
NCT04916002;0
NCT04917640;0
NCT04918589;0
NCT04920708;2
NCT04921137;0
NCT04923542;0
NCT04924010;0
NCT04924699;1
NCT04925284;0
NCT04925856;0
NCT04927884;0
NCT04928014;0
NCT04929197;0
NCT04929548;0
NCT04929964;0
NCT04933266;0
NCT04936243;0
NCT04936451;0
NCT04937309;0
NCT04937660;9
NCT04940026;0
NCT04941365;0
NCT04942054;0
NCT04943497;0
NCT04946227;0
NCT04946864;1
NCT04947189;0
NCT04947917;0
NCT04948840;0
NCT04948983;0
NCT04949776;0
NCT04950010;0
NCT04951245;0
NCT04953377;0
NCT04957186;0
NCT04959474;0
NCT04960735;0
NCT04960839;0
NCT04961996;0
NCT04962425;2
NCT04962529;0
NCT04963595;1
NCT04963608;0
NCT04965688;0
NCT04966377;0
NCT04966923;0
NCT04967209;0
NCT04967352;0
NCT04967976;0
NCT04968964;0
NCT04969835;0
NCT04973930;0
NCT04974567;0
NCT04975451;1
NCT04976556;1
NCT04979715;0
NCT04980118;0
NCT04980989;0
NCT04983238;0
NCT04985357;0
NCT04985552;0
NCT04986306;0
NCT04986579;0
NCT04987424;0
NCT04989179;0
NCT04990921;0
NCT04990934;0
NCT04991480;0
NCT04993313;4
NCT04993430;0
NCT04993625;0
NCT04995575;0
NCT04996615;1
NCT04996836;0
NCT04997941;16
NCT04998682;0
NCT04999917;0
NCT05000294;0
NCT05001282;0
NCT05002868;0
NCT05003635;0
NCT05006196;0
NCT05007444;0
NCT05008510;0
NCT05009849;0
NCT05010356;0
NCT05011279;0
NCT05012397;0
NCT05013255;0
NCT05013554;0
NCT05016349;0
NCT05018702;0
NCT05019989;0
NCT05020561;0
NCT05020574;0
NCT05020860;2
NCT05021900;0
NCT05022602;0
NCT05022823;0
NCT05023967;0
NCT05024591;0
NCT05025020;0
NCT05025059;8
NCT05025735;0
NCT05025748;0
NCT05027490;0
NCT05029999;0
NCT05030038;0
NCT05030519;0
NCT05030792;0
NCT05031065;0
NCT05032404;0
NCT05032768;1
NCT05033769;0
NCT05033925;0
NCT05035173;0
NCT05035745;0
NCT05036005;0
NCT05036096;0
NCT05036252;0
NCT05037825;1
NCT05038137;0
NCT05038631;0
NCT05040867;5
NCT05041842;0
NCT05042687;1
NCT05044689;0
NCT05044988;0
NCT05048095;0
NCT05048108;0
NCT05048641;0
NCT05051631;0
NCT05051956;0
NCT05052437;0
NCT05053841;0
NCT05054166;0
NCT05054374;0
NCT05054777;0
NCT05055375;0
NCT05056350;0
NCT05057013;0
NCT05057078;0
NCT05057598;0
NCT05058183;0
NCT05058196;0
NCT05058495;0
NCT05059379;0
NCT05060068;0
NCT05062174;0
NCT05062707;0
NCT05063136;0
NCT05063604;0
NCT05063643;0
NCT05063786;0
NCT05064085;0
NCT05064475;0
NCT05065411;2
NCT05068115;0
NCT05068726;0
NCT05069038;0
NCT05070247;0
NCT05070299;0
NCT05070884;0
NCT05071560;0
NCT05071911;0
NCT05072314;0
NCT05073120;0
NCT05073432;0
NCT05076591;0
NCT05076682;0
NCT05076760;0
NCT05078190;3
NCT05078398;0
NCT05079074;0
NCT05079360;0
NCT05081492;0
NCT05082259;0
NCT05082597;0
NCT05082610;0
NCT05082740;0
NCT05084625;0
NCT05085626;0
NCT05085678;0
NCT05086692;0
NCT05088239;0
NCT05088785;0
NCT05089643;2
NCT05089903;0
NCT05090098;0
NCT05090358;0
NCT05090605;0
NCT05091528;0
NCT05092373;0
NCT05092477;0
NCT05093023;0
NCT05093387;0
NCT05093426;0
NCT05094102;0
NCT05094310;0
NCT05095207;2
NCT05095675;0
NCT05097248;0
NCT05098210;0
NCT05098951;0
NCT05099562;0
NCT05099978;0
NCT05100277;0
NCT05100914;0
NCT05101096;0
NCT05101564;12
NCT05102500;0
NCT05103644;1
NCT05103826;0
NCT05104866;7
NCT05107388;0
NCT05107674;0
NCT05108298;0
NCT05108740;0
NCT05110170;0
NCT05111067;4
NCT05112341;0
NCT05112536;1
NCT05113485;0
NCT05113927;0
NCT05113966;0
NCT05114525;0
NCT05114720;0
NCT05115474;0
NCT05115799;0
NCT05116449;0
NCT05120180;0
NCT05122000;0
NCT05122377;0
NCT05122585;0
NCT05123482;0
NCT05125991;0
NCT05126290;0
NCT05128734;0
NCT05128773;30
NCT05130801;0
NCT05130840;4
NCT05131607;0
NCT05131815;0
NCT05131893;2
NCT05132101;0
NCT05132790;0
NCT05133674;4
NCT05134519;0
NCT05135104;0
NCT05137067;0
NCT05138627;0
NCT05139641;0
NCT05140252;0
NCT05141630;0
NCT05142033;0
NCT05142202;0
NCT05142358;0
NCT05142475;0
NCT05142787;0
NCT05142800;0
NCT05143229;0
NCT05143970;0
NCT05144698;0
NCT05145907;0
NCT05146297;0
NCT05146778;0
NCT05148910;0
NCT05154396;0
NCT05156606;0
NCT05159518;0
NCT05160324;0
NCT05160480;0
NCT05161260;0
NCT05162846;0
NCT05163106;2
NCT05163223;0
NCT05164874;0
NCT05164952;0
NCT05166148;0
NCT05168696;0
NCT05169853;4
NCT05170087;0
NCT05172518;0
NCT05173103;0
NCT05173415;0
NCT05174832;0
NCT05176405;0
NCT05176756;0
NCT05176860;0
NCT05177432;0
NCT05177796;0
NCT05178927;0
NCT05179161;0
NCT05179304;0
NCT05179824;0
NCT05180006;0
NCT05180474;0
NCT05180851;0
NCT05181202;0
NCT05183828;0
NCT05184582;0
NCT05184790;0
NCT05187338;0
NCT05187832;0
NCT05188495;0
NCT05189535;0
NCT05189717;0
NCT05190094;44
NCT05190770;0
NCT05190978;0
NCT05191004;0
NCT05192278;0
NCT05192525;0
NCT05192798;0
NCT05193149;0
NCT05196087;0
NCT05196269;0
NCT05198622;0
NCT05198843;0
NCT05200078;0
NCT05201963;0
NCT05203029;0
NCT05203458;0
NCT05205200;0
NCT05206396;0
NCT05206526;0
NCT05206656;0
NCT05207514;57
NCT05209529;0
NCT05212454;0
NCT05212701;0
NCT05213403;0
NCT05215769;0
NCT05216302;0
NCT05216432;2
NCT05217381;1
NCT05217966;0
NCT05218876;0
NCT05219695;0
NCT05222100;0
NCT05222464;0
NCT05223218;0
NCT05223322;0
NCT05224310;0
NCT05226871;0
NCT05227131;0
NCT05227664;0
NCT05230810;37
NCT05231863;0
NCT05232006;1
NCT05232084;0
NCT05232916;0
NCT05233696;0
NCT05233891;0
NCT05234021;0
NCT05234502;0
NCT05234606;0
NCT05234996;0
NCT05236387;0
NCT05238831;0
NCT05239143;0
NCT05239663;0
NCT05240235;0
NCT05240937;0
NCT05241119;0
NCT05241405;0
NCT05241925;0
NCT05243641;0
NCT05244434;0
NCT05245812;0
NCT05246592;0
NCT05246735;0
NCT05247463;0
NCT05250336;0
NCT05252390;0
NCT05252416;0
NCT05252546;0
NCT05252780;0
NCT05252988;0
NCT05253170;0
NCT05253911;0
NCT05254678;0
NCT05255523;0
NCT05255666;1
NCT05256745;0
NCT05257577;0
NCT05258344;0
NCT05258383;0
NCT05258461;0
NCT05259267;0
NCT05259410;0
NCT05259696;0
NCT05260723;0
NCT05261269;1
NCT05262400;0
NCT05263362;0
NCT05263570;0
NCT05263648;0
NCT05263869;0
NCT05265715;0
NCT05266300;0
NCT05266378;0
NCT05268224;0
NCT05268913;0
NCT05269186;0
NCT05269381;0
NCT05274451;0
NCT05274594;0
NCT05274893;0
NCT05275361;0
NCT05276505;0
NCT05276713;2
NCT05277909;0
NCT05278741;0
NCT05278806;0
NCT05278871;0
NCT05280067;0
NCT05280288;0
NCT05283330;0
NCT05285332;0
NCT05286437;0
NCT05286684;0
NCT05288036;0
NCT05288777;0
NCT05291494;0
NCT05291507;0
NCT05293470;0
NCT05293964;1
NCT05294016;0
NCT05296317;0
NCT05296564;0
NCT05296577;0
NCT05296746;0
NCT05296798;0
NCT05297591;0
NCT05297643;1
NCT05297773;0
NCT05298605;0
NCT05298696;0
NCT05300464;0
NCT05300958;0
NCT05301114;0
NCT05301296;0
NCT05301595;0
NCT05301881;0
NCT05301998;0
NCT05303038;0
NCT05303675;0
NCT05304962;0
NCT05305092;0
NCT05305937;0
NCT05305963;1
NCT05306041;0
NCT05306340;1
NCT05306808;0
NCT05309265;0
NCT05309655;0
NCT05311397;1
NCT05313191;0
NCT05313737;0
NCT05314114;0
NCT05314179;0
NCT05315154;0
NCT05315687;0
NCT05316324;0
NCT05317221;0
NCT05318274;2
NCT05318469;0
NCT05319873;0
NCT05321823;0
NCT05323409;0
NCT05323955;1
NCT05324020;0
NCT05325632;6
NCT05326165;0
NCT05326360;0
NCT05327153;0
NCT05328258;0
NCT05329532;0
NCT05331807;0
NCT05332561;0
NCT05333328;0
NCT05333874;0
NCT05334069;0
NCT05334147;0
NCT05334459;0
NCT05334732;0
NCT05334810;0
NCT05335473;0
NCT05337280;0
NCT05338281;0
NCT05339685;0
NCT05340413;0
NCT05341141;0
NCT05341492;0
NCT05343117;0
NCT05344729;0
NCT05345860;0
NCT05346224;0
NCT05346328;0
NCT05346510;0
NCT05346861;0
NCT05349227;0
NCT05350059;0
NCT05350527;0
NCT05350722;0
NCT05351424;0
NCT05352737;0
NCT05353361;0
NCT05353387;0
NCT05354882;4
NCT05358639;5
NCT05359120;0
NCT05359874;0
NCT05360407;0
NCT05363189;0
NCT05363605;0
NCT05364138;0
NCT05364255;0
NCT05364450;0
NCT05365230;0
NCT05366881;0
NCT05367830;0
NCT05368506;0
NCT05369546;0
NCT05370300;1
NCT05371847;0
NCT05371860;0
NCT05373069;0
NCT05374161;0
NCT05374512;0
NCT05374915;0
NCT05375461;0
NCT05376644;0
NCT05376878;0
NCT05377047;0
NCT05377229;0
NCT05377684;0
NCT05378204;0
NCT05378464;0
NCT05379153;0
NCT05381038;0
NCT05382364;0
NCT05383144;0
NCT05383170;0
NCT05383196;0
NCT05385146;0
NCT05386524;0
NCT05386628;0
NCT05386641;0
NCT05386719;0
NCT05388149;0
NCT05388734;0
NCT05389605;0
NCT05390710;0
NCT05390723;0
NCT05393947;0
NCT05394259;1
NCT05394285;0
NCT05395052;0
NCT05395871;0
NCT05395936;0
NCT05396118;0
NCT05396612;0
NCT05399329;0
NCT05400954;0
NCT05401643;0
NCT05401877;0
NCT05401942;0
NCT05402436;0
NCT05402722;0
NCT05403177;0
NCT05403333;0
NCT05404087;0
NCT05404321;4
NCT05404334;0
NCT05406531;0
NCT05409248;0
NCT05409664;0
NCT05411380;26
NCT05411432;0
NCT05412225;0
NCT05412446;0
NCT05412459;0
NCT05412953;0
NCT05414123;0
NCT05414357;0
NCT05414812;0
NCT05415215;0
NCT05415943;0
NCT05416164;0
NCT05417048;0
NCT05417308;0
NCT05417867;0
NCT05420779;0
NCT05423730;0
NCT05424068;0
NCT05424835;0
NCT05425550;0
NCT05426486;1
NCT05427344;0
NCT05427617;0
NCT05428709;0
NCT05429684;0
NCT05429814;0
NCT05429866;0
NCT05430347;0
NCT05430399;0
NCT05431270;0
NCT05431504;0
NCT05431582;0
NCT05433753;0
NCT05436808;0
NCT05438511;0
NCT05438706;0
NCT05438810;12
NCT05439005;2
NCT05440149;0
NCT05440929;0
NCT05441943;0
NCT05444101;0
NCT05444231;0
NCT05444647;0
NCT05444725;0
NCT05444998;4
NCT05445050;0
NCT05445908;0
NCT05447949;0
NCT05447988;0
NCT05448209;0
NCT05448586;0
NCT05448638;0
NCT05448963;0
NCT05449340;0
NCT05449691;0
NCT05451849;0
NCT05452213;0
NCT05452499;0
NCT05453825;0
NCT05454553;0
NCT05455385;0
NCT05455619;0
NCT05455658;0
NCT05456373;0
NCT05458284;0
NCT05458570;0
NCT05458674;4
NCT05458739;0
NCT05459064;0
NCT05459454;0
NCT05460650;0
NCT05460702;0
NCT05460780;0
NCT05461534;0
NCT05461768;0
NCT05462457;0
NCT05463601;0
NCT05464082;0
NCT05464810;0
NCT05465031;0
NCT05465408;0
NCT05465590;0
NCT05466760;0
NCT05466786;0
NCT05467111;0
NCT05467891;8
NCT05470348;0
NCT05471648;0
NCT05472064;0
NCT05472532;0
NCT05475678;0
NCT05480189;0
NCT05483283;0
NCT05483439;12
NCT05483491;0
NCT05483712;0
NCT05484180;0
NCT05485766;0
NCT05486182;0
NCT05486936;0
NCT05488145;0
NCT05488444;0
NCT05489354;0
NCT05490433;0
NCT05490472;0
NCT05491057;0
NCT05491226;0
NCT05492682;0
NCT05496101;0
NCT05496829;0
NCT05498155;0
NCT05498311;0
NCT05498597;0
NCT05500508;0
NCT05501704;9
NCT05501769;0
NCT05502224;0
NCT05503108;0
NCT05504148;0
NCT05504707;0
NCT05505045;0
NCT05505175;0
NCT05505357;0
NCT05505643;0
NCT05505812;0
NCT05506189;0
NCT05506800;0
NCT05508906;0
NCT05508984;0
NCT05510037;1
NCT05511844;0
NCT05512286;0
NCT05512364;4
NCT05512468;0
NCT05514717;0
NCT05515289;0
NCT05518292;0
NCT05519059;18
NCT05519397;0
NCT05519670;1
NCT05520515;0
NCT05520723;0
NCT05523063;6
NCT05524454;0
NCT05527769;0
NCT05528263;0
NCT05529862;0
NCT05530057;0
NCT05530603;0
NCT05530824;0
NCT05530876;0
NCT05533320;0
NCT05534438;0
NCT05535192;0
NCT05538572;0
NCT05539365;0
NCT05541367;0
NCT05544240;0
NCT05545150;0
NCT05545254;0
NCT05546021;0
NCT05547347;0
NCT05547932;0
NCT05549024;0
NCT05550090;0
NCT05550415;0
NCT05552001;0
NCT05554211;0
NCT05554354;0
NCT05555251;0
NCT05555706;8
NCT05556200;0
NCT05556473;0
NCT05558722;0
NCT05558917;0
NCT05559164;1
NCT05559528;1
NCT05560308;4
NCT05560334;0
NCT05560685;0
NCT05561686;0
NCT05561803;0
NCT05561842;4
NCT05562440;0
NCT05562518;0
NCT05563220;0
NCT05565417;0
NCT05565534;0
NCT05566457;0
NCT05567601;0
NCT05568472;0
NCT05569187;3
NCT05569811;0
NCT05570253;0
NCT05570266;0
NCT05570604;0
NCT05572645;0
NCT05573126;0
NCT05573893;1
NCT05574478;0
NCT05574686;0
NCT05574907;0
NCT05574920;0
NCT05575804;1
NCT05576077;0
NCT05576389;0
NCT05576545;0
NCT05577156;0
NCT05578053;2
NCT05579366;0
NCT05580887;0
NCT05582499;0
NCT05582538;0
NCT05583110;0
NCT05584163;0
NCT05584644;0
NCT05585476;0
NCT05586841;0
NCT05587296;0
NCT05587777;0
NCT05588414;0
NCT05590559;0
NCT05590949;0
NCT05591456;0
NCT05592938;0
NCT05593094;0
NCT05594095;0
NCT05595109;0
NCT05595499;0
NCT05598879;0
NCT05600257;0
NCT05601440;0
NCT05602792;0
NCT05605808;0
NCT05607004;5
NCT05607017;0
NCT05607849;0
NCT05608252;32
NCT05609058;0
NCT05609903;0
NCT05610579;1
NCT05613270;0
NCT05618613;0
NCT05619016;0
NCT05620134;0
NCT05620329;0
NCT05621434;0
NCT05621564;0
NCT05621837;0
NCT05622227;0
NCT05622240;0
NCT05623280;0
NCT05623397;0
NCT05623488;0
NCT05625087;9
NCT05625659;0
NCT05625698;0
NCT05627960;0
NCT05628077;0
NCT05628870;0
NCT05629065;0
NCT05629429;1
NCT05629585;0
NCT05633342;0
NCT05633654;0
NCT05634889;0
NCT05634954;0
NCT05635487;0
NCT05636644;0
NCT05636943;0
NCT05638048;0
NCT05642897;0
NCT05645471;0
NCT05645510;0
NCT05647642;0
NCT05649072;0
NCT05649475;0
NCT05650086;0
NCT05650879;0
NCT05651087;0
NCT05652569;0
NCT05654571;0
NCT05655598;0
NCT05656131;0
NCT05656612;0
NCT05656716;0
NCT05658172;0
NCT05658341;0
NCT05659056;1
NCT05659797;0
NCT05660083;0
NCT05660590;0
NCT05661656;0
NCT05663021;0
NCT05663112;0
NCT05664893;0
NCT05665660;0
NCT05665894;0
NCT05666258;0
NCT05666583;0
NCT05667532;0
NCT05670054;0
NCT05670925;0
NCT05673304;2
NCT05673694;0
NCT05676255;0
NCT05676866;0
NCT05677022;0
NCT05677737;0
NCT05677802;0
NCT05678205;0
NCT05680116;0
NCT05680194;0
NCT05680311;0
NCT05680662;0
NCT05681611;0
NCT05682885;0
NCT05683418;0
NCT05684367;0
NCT05684458;0
NCT05686720;0
NCT05689359;0
NCT05690295;0
NCT05692661;0
NCT05692674;0
NCT05693766;0
NCT05694364;0
NCT05694559;7
NCT05695313;0
NCT05695859;0
NCT05697146;0
NCT05697198;0
NCT05698056;0
NCT05698186;0
NCT05698238;0
NCT05699577;0
NCT05699902;0
NCT05700019;0
NCT05700396;0
NCT05703178;0
NCT05703555;0
NCT05704062;0
NCT05704829;0
NCT05704842;1
NCT05704855;0
NCT05705401;0
NCT05708144;0
NCT05708235;0
NCT05708664;0
NCT05708950;0
NCT05709158;0
NCT05711030;0
NCT05714553;0
NCT05715255;0
NCT05716542;0
NCT05716893;0
NCT05716958;0
NCT05717634;0
NCT05720858;0
NCT05721248;0
NCT05722795;0
NCT05724407;0
NCT05724758;1
NCT05725265;5
NCT05726175;0
NCT05726604;0
NCT05726643;0
NCT05726929;0
NCT05727553;0
NCT05727813;0
NCT05728632;0
NCT05730608;0
NCT05730647;0
NCT05731258;0
NCT05731453;0
NCT05731791;0
NCT05732051;0
NCT05732064;0
NCT05732428;0
NCT05733026;0
NCT05734950;0
NCT05735080;0
NCT05735392;0
NCT05735795;0
NCT05736367;0
NCT05738993;0
NCT05739175;0
NCT05741164;0
NCT05743023;0
NCT05744375;2
NCT05744557;0
NCT05744687;0
NCT05746325;0
NCT05746728;0
NCT05746897;0
NCT05747209;0
NCT05747313;0
NCT05748353;8
NCT05748834;1
NCT05749588;0
NCT05750693;0
NCT05751668;0
